URL,CMS
http://1001para.tn,PrestaShop
http://1prix.tn,PrestaShop
http://1waycom.com,WordPress
http://216c.tn,WordPress
http://216ms.com,WordPress
http://24-7digital.com.tn,WordPress
http://2c-services.com,WordPress
http://2re.com.tn,WordPress
http://2sbtunisie.com,WordPress
http://2simmo.tn,WordPress
http://2wiconsulting.com,WordPress
http://3-p.tn,WordPress
http://360-webmarketing.com,WordPress
http://365events.tn,WordPress
http://38000km.com,WordPress
http://3alemni.tn,WordPress
http://3click-solutions.com,WordPress
http://3dawards.tn,WordPress
http://3ddesign.tn,Drupal
http://3dprint.tn,WordPress
http://3dtech.tn,PrestaShop
http://3peaks.tn,WordPress
http://3t.tn,PrestaShop
http://3w.tn,WordPress
http://404found.com.tn,WordPress
http://4mk.com.tn,WordPress
http://4sport.com.tn,PrestaShop
http://4v20.com,WordPress
http://5sens.tn,WordPress
http://777.work,WordPress
http://7emesens.tn,WordPress
http://801service.com,WordPress
http://868solutionsexpo.tn,WordPress
http://9raya.tn,WordPress
http://a-design.com.tn,WordPress
http://a-design.tn,WordPress
http://a2fo.com,WordPress
http://a2soft.tn,WordPress
http://aac.ens.tn,PrestaShop
http://aaea.org.tn,WordPress
http://aao-birdlife.tn,WordPress
http://ab-audit.com,WordPress
http://ab-fonderie.fr,WordPress
http://abar.tn,WordPress
http://abbassifreres.com,WordPress
http://abc-tunisie.com,WordPress
http://abcauditconsulting.com,PrestaShop
http://abcconsulting.tn,WordPress
http://abceezdigital.com,WordPress
http://abdeljalil.tn,WordPress
http://abhcuqm.cluster028.hosting.ovh.net,Drupal
http://abid.labo.tn,PrestaShop
http://abidmed.com,WordPress
http://abrarcom.com,WordPress
http://absaudit.tn,WordPress
http://abscomputer.tn,WordPress
http://academie.tn,WordPress
http://acbat.tn,WordPress
http://acc.com.tn,WordPress
http://acc.tn,WordPress
http://accelea.tn,WordPress
http://accelya.com,WordPress
http://accentia-tn.com,WordPress
http://access.tn,WordPress
http://acem.tn,WordPress
http://aceut.rnu.tn,Drupal
http://achahed.com,WordPress
http://aciahousing.com,WordPress
http://acif.tn,WordPress
http://acn.net.tn,WordPress
http://acombien.tn,WordPress
http://acoustica-tn.com,WordPress
http://acsolidsurface.com.tn,WordPress
http://actconsult.tn,WordPress
http://action.tn,WordPress
http://activetravel.com.tn,PrestaShop
http://activsoft.tech,WordPress
http://actoria.tn,WordPress
http://acvp.tn,WordPress
http://acw.com.tn,WordPress
http://adandbrand.com,WordPress
http://adb.tn,WordPress
http://add.tn,Drupal
http://addixo.com,WordPress
http://adel-mzali.com,WordPress
http://adeljeljeli.tn,WordPress
http://adem.tn,WordPress
http://adenit.com.tn,WordPress
http://adhe-els.com,WordPress
http://adis.tn,PrestaShop
http://adit.tn,WordPress
http://admedera.com.tn,WordPress
http://adminis.pro,PrestaShop
http://admiralcode.com,PrestaShop
http://adsprimapub.com,WordPress
http://adss.tn,WordPress
http://adt.tn,WordPress
http://advancetec-tn.com,WordPress
http://advancia-itsystem.com,WordPress
http://advancia-teleservices.com,WordPress
http://advery.agency,WordPress
http://advice.tn,WordPress
http://advyteam.com,WordPress
http://aed.org.tn,WordPress
http://aem.tn,WordPress
http://aep.tn,WordPress
http://aes-tunisie.com,PrestaShop
http://aes.tn,WordPress
http://aets-tn.com,WordPress
http://afac.com,Drupal
http://afak.com.tn,WordPress
http://afc.com.tn,Drupal
http://afektounes.tn,WordPress
http://afel.tn,WordPress
http://afem.com.tn,WordPress
http://affaires-religieuses.tn,WordPress
http://affairesasuivre.tn,WordPress
http://affariyet.com,PrestaShop
http://afkar.tn,WordPress
http://africa-company.net,WordPress
http://africa-solar.com,WordPress
http://africaine-sante.com.tn,WordPress
http://africare.com.tn,Drupal
http://africatradeagreements.tn,WordPress
http://africexport.com,WordPress
http://afrikisol.com,WordPress
http://afrikyes.com,WordPress
http://afrimesure.com,WordPress
http://afripaper.com.tn,WordPress
http://afriquecontrole.tn,WordPress
http://afriquetravaux.com.tn,WordPress
http://afriseries.com,WordPress
http://afritec.tn,WordPress
http://afroser.com,WordPress
http://afsa.tn,WordPress
http://agadirvoiture.com,WordPress
http://agbl.net,WordPress
http://agence-traduction-tunisie.com,WordPress
http://agencedal.com,WordPress
http://agenceimmobilierehammami.com,WordPress
http://aget.com.tn,WordPress
http://agkenergie.tn,WordPress
http://agora.com.tn,PrestaShop
http://agqlabs.tn,WordPress
http://agrafe.tn,PrestaShop
http://agripreneur.tn,WordPress
http://agripro-tn.com,WordPress
http://agrodis.com.tn,WordPress
http://agroliva.com.tn,WordPress
http://agromillora.com,WordPress
http://ahladecor.tn,WordPress
http://ahmini.com,WordPress
http://aib.tn,WordPress
http://aidi-inc.com,WordPress
http://aigc.com.tn,PrestaShop
http://aigle.tn,WordPress
http://aim.com.tn,WordPress
http://aimit-consult.com,WordPress
http://aims.tn,WordPress
http://aipu.tn,WordPress
http://airdesign.tn,WordPress
http://airliquide.com,Drupal
http://airoxy.tn,PrestaShop
http://ajc.tn,WordPress
http://ajroudsoftwares.tn,PrestaShop
http://ak-consulting.services,WordPress
http://aladin.tn,WordPress
http://alaman.tn,WordPress
http://alarabia.com.tn,PrestaShop
http://alarmeauto-tunisie.com.tn,WordPress
http://albaraka.com.tn,Drupal
http://albarakabank.com.tn,Drupal
http://algocod.com,WordPress
http://alhakikafm.tn,WordPress
http://alhorria.com,WordPress
http://alibabamusic.com,PrestaShop
http://alice.com.tn,WordPress
http://aliceproject.co,WordPress
http://alkebulan-business-center.com,WordPress
http://alkebulanbusinesscenter.com.tn,WordPress
http://allani-tunisie.tn,PrestaShop
http://allani.com.tn,PrestaShop
http://allani.tn,PrestaShop
http://alliance-architecture.tn,WordPress
http://alliance-cc.com,WordPress
http://alliance-tunisie.com,WordPress
http://alliancecomevents.com,WordPress
http://alliancefr.tn,WordPress
http://alliancesoftware.tn,WordPress
http://allion.tn,WordPress
http://allo-reparateur.tn,WordPress
http://alloportail.tn,WordPress
http://allopsy.tn,WordPress
http://allotaxi.tn,WordPress
http://allseasshipping.com,WordPress
http://alluco.com,WordPress
http://almanber-ettounsi.com,WordPress
http://almasdar.tn,WordPress
http://almia-tn.com,WordPress
http://almotawer.tn,WordPress
http://alpha-sm.tn,WordPress
http://alpha-studios.com,PrestaShop
http://alphabystiel.tn,WordPress
http://alphaprint.tn,WordPress
http://alpinia.tn,WordPress
http://alqalamtv.tn,WordPress
http://alriadhiya.com,WordPress
http://alshihab-group.com,WordPress
http://altair-solutions.tn,PrestaShop
http://altec.tn,PrestaShop
http://alternative.tn,WordPress
http://altissimo.tn,PrestaShop
http://altmind.tn,WordPress
http://altra-call.com,WordPress
http://alumetal-mezghani.com,WordPress
http://aluminiumdusahel.com,WordPress
http://alurama.tn,WordPress
http://alusystem.tn,WordPress
http://alwosta.tn,PrestaShop
http://alzi.co,WordPress
http://amaepm.tn,WordPress
http://amagroup.tn,WordPress
http://amazingpandph.com,WordPress
http://ambaci-tunis.org,WordPress
http://amchamtunisia.org.tn,WordPress
http://amctunisie.com,WordPress
http://amcv.tn,WordPress
http://amec-export.tn,WordPress
http://amed.tn,WordPress
http://amelconstruction.com.tn,WordPress
http://amensystems.com,PrestaShop
http://ami.com.tn,WordPress
http://amicale-afmt.org.tn,WordPress
http://aminaconfection.tn,WordPress
http://amine-group.com,WordPress
http://amineakrout.tn,WordPress
http://amitec.tn,WordPress
http://amm.tn,WordPress
http://amp.fr,WordPress
http://amslabo.com,WordPress
http://amt.tn,WordPress
http://amtuning.com.tn,WordPress
http://anais.tn,WordPress
http://aneti-international.tn,Drupal
http://angegardien.com.tn,WordPress
http://animalerie.tn,WordPress
http://animalzone.tn,PrestaShop
http://animoes.tn,WordPress
http://anismechri.tn,WordPress
http://anme.tn,Drupal
http://annitec.com,WordPress
http://annonceauto.tn,WordPress
http://annoncestunisiennes.com,WordPress
http://anoha.com.tn,WordPress
http://anpr.tn,WordPress
http://answerpower.net,WordPress
http://antagency.net,WordPress
http://antares.tn,Drupal
http://anyinit.com,WordPress
http://aoc-ip.tn,PrestaShop
http://apac.tn,WordPress
http://apave.com,PrestaShop
http://apavetunisie.com,PrestaShop
http://apbs.tn,WordPress
http://apbstunisia.tn,WordPress
http://apbusinesssoft.com,WordPress
http://apex-training.tn,WordPress
http://apg-ga.com,WordPress
http://apia.com.tn,Drupal
http://aplm.tn,WordPress
http://appeloffres.tn,PrestaShop
http://appid.tn,WordPress
http://application-mobile.tn,WordPress
http://appm.tn,WordPress
http://aprilium.tn,WordPress
http://aquachimie.tn,WordPress
http://aquaheat.com.tn,Drupal
http://aquapurtunisie.com,WordPress
http://aquarelle.tn,WordPress
http://aquatiss.com.tn,WordPress
http://aquilachimie.com.tn,WordPress
http://ar.espacemanager.com,Drupal
http://ar.footballtunisien.com,WordPress
http://ar.webmanagercenter.com,WordPress
http://arab.tn,WordPress
http://arappdev.com,WordPress
http://arat.tn,WordPress
http://arcenciel.tn,PrestaShop
http://arcencieldeco.com.tn,WordPress
http://archi-glass.com,WordPress
http://archibat.info,WordPress
http://arcom.tn,WordPress
http://areencubs.tn,PrestaShop
http://arestori.tn,WordPress
http://argile.tn,WordPress
http://argus-automobile.tn,WordPress
http://argusautomobile.tn,WordPress
http://aris-consulting.tn,WordPress
http://aromatica.tn,PrestaShop
http://arraja.tn,WordPress
http://arsela.co,WordPress
http://artelec.tn,WordPress
http://artetcouleurs.tn,WordPress
http://artilaser.tn,WordPress
http://artisanalfishing.org.tn,WordPress
http://artisanet.tn,WordPress
http://artisansdart.tn,PrestaShop
http://artsetconfort.com.tn,WordPress
http://as-redaction.com,WordPress
http://ascii.com,WordPress
http://ash-group.net,WordPress
http://asm-tunisie.com,WordPress
http://asm.com.tn,WordPress
http://asm.tn,WordPress
http://asmoffshore.com,WordPress
http://aspiss.com,PrestaShop
http://assafir.com.tn,WordPress
http://assalatv.org.tn,WordPress
http://assidje.tn,WordPress
http://assistance-wordpress.com,WordPress
http://assistance.ooredoo.tn,Drupal
http://assistanceplus.com.tn,WordPress
http://assistanceplus.tn,WordPress
http://assistemps.net,WordPress
http://asslematunisie.net,WordPress
http://assurancesbiat.com.tn,Drupal
http://assurconseil.tn,WordPress
http://ast.com.tn,PrestaShop
http://asteelflash.com,WordPress
http://asteroidea.co,WordPress
http://astral.tn,PrestaShop
http://astre-engineering.com,PrestaShop
http://astrolab-agency.com,WordPress
http://astronetagency.tn,WordPress
http://astub.org.tn,PrestaShop
http://astuces-maison.com,WordPress
http://asumandev.com,WordPress
http://aswek.tn,WordPress
http://atac.tn,WordPress
http://ataelevator.com,WordPress
http://atalanta-group.com.tn,PrestaShop
http://atb.tn,Drupal
http://atd.tn,WordPress
http://ateconsulting.fr,WordPress
http://ater-tunisia.com,WordPress
http://atf.tn,WordPress
http://atfi.org.tn,WordPress
http://athinium.io,WordPress
http://atic.org.tn,WordPress
http://atiost.org.tn,WordPress
http://atl.com.tn,WordPress
http://atlas-emballages.com,WordPress
http://atlasauto.com.tn,WordPress
http://atlasmedical-tn.com,PrestaShop
http://atlaspack.tn,WordPress
http://atls.tn,WordPress
http://atmc-tunisie.com,WordPress
http://atme.tn,WordPress
http://atomart.io,WordPress
http://atomi.tn,WordPress
http://atpmc.tn,WordPress
http://atr.com.tn,WordPress
http://ats-digital.com,WordPress
http://ats.com.tn,WordPress
http://atsr.tn,WordPress
http://attaoufik-dattes.com,WordPress
http://attoflow.consulting,WordPress
http://atuted.org.tn,WordPress
http://atvic.tn,WordPress
http://atz.tn,WordPress
http://audasoft.co,WordPress
http://audicorp-consulting.com,WordPress
http://audita.tn,WordPress
http://auditherm.tn,WordPress
http://auna.com.tn,WordPress
http://aurone.com,WordPress
http://auto-plus.tn,PrestaShop
http://autochic.tn,WordPress
http://automation.tn,WordPress
http://automax.tn,WordPress
http://autop.tn,WordPress
http://autoplus.tn,PrestaShop
http://autotechnic.tn,WordPress
http://auxiliaire-de-justice.tn,WordPress
http://avalvoyages.tn,PrestaShop
http://avantages-soft.com.tn,WordPress
http://avantica.tn,PrestaShop
http://avempace-wireless.com,WordPress
http://avenir-rentacar.com,WordPress
http://avero.tn,WordPress
http://avidea.tn,WordPress
http://avis.com.tn,PrestaShop
http://avocat-divorce-tunisie.com,WordPress
http://avocat.org.tn,PrestaShop
http://avon.com.tn,PrestaShop
http://awr-assistance.com.tn,WordPress
http://awt.com.tn,WordPress
http://axpro-thermo.com,Drupal
http://aylanconsulting.com,WordPress
http://aymax.fr,WordPress
http://ayotechnology.tn,PrestaShop
http://azal.tn,PrestaShop
http://azit.fr,WordPress
http://azonprinter.tn,WordPress
http://aztechnology.tn,WordPress
http://azur-digital.com,WordPress
http://azurcolors.com,WordPress
http://azyzamami.tn,WordPress
http://azzahr.tn,WordPress
http://b-labinc-hub.com,WordPress
http://b2b-services.fr,WordPress
http://b2m-it.com,WordPress
http://babydeal.com.tn,WordPress
http://babymam.tn,PrestaShop
http://babyworld.tn,WordPress
http://bac.org.tn,WordPress
http://bagotti.tn,PrestaShop
http://bags.tn,WordPress
http://baguettedelivery.tn,WordPress
http://baity.tn,PrestaShop
http://bakerhughes.com,Drupal
http://balades54.mhikes.com,WordPress
http://baletto.tn,PrestaShop
http://baltioptique.com,WordPress
http://bamboo.tn,PrestaShop
http://baplast.com.tn,WordPress
http://bardomuseum.tn,PrestaShop
http://barista.com.tn,WordPress
http://batam.tn,WordPress
http://batico.tn,WordPress
http://batiment-rieu.com,WordPress
http://batinox.com.tn,WordPress
http://batonrouge.tn,PrestaShop
http://bayti.tn,PrestaShop
http://bb-gym.tn,WordPress
http://bbhightech.com,WordPress
http://bbsolution.tn,WordPress
http://bc-engineering.tn,PrestaShop
http://bdsi.tn,Drupal
http://bea-ing.com,WordPress
http://beamsconsult.com,WordPress
http://beautystore.tn,PrestaShop
http://bebeetmaman.tn,PrestaShop
http://bebjebli.tn,WordPress
http://becacompany.com,WordPress
http://beecare.biz,WordPress
http://beehouse.tn,PrestaShop
http://behtunisie.com,PrestaShop
http://behtunisie.store,PrestaShop
http://behya.tn,WordPress
http://beitalhikma.tn,WordPress
http://beits.com.tn,PrestaShop
http://beko.com.tn,Drupal
http://belaqua.tn,WordPress
http://belarige.com,WordPress
http://belive.tn,WordPress
http://below-theline.com,WordPress
http://belzona.com,WordPress
http://belzona.tn,WordPress
http://bemai-electric.com,WordPress
http://bemtunisie.com,WordPress
http://benammarlawfirm.com,WordPress
http://benaziza-consulting.com,WordPress
http://benhnia.tn,PrestaShop
http://benmloukatextile.com,WordPress
http://benova.tn,WordPress
http://bepro.tn,WordPress
http://berlitz-tunis.tn,WordPress
http://berning-net.de,WordPress
http://beschool.tn,WordPress
http://best-tours.tn,PrestaShop
http://best.rnu.tn,WordPress
http://bestbeton.com.tn,WordPress
http://bestconsultingit.com,WordPress
http://bestfutur.com,WordPress
http://besthost.tn,WordPress
http://bestimmo.tn,WordPress
http://bestinternational.org,WordPress
http://bestoil.tn,PrestaShop
http://bestoplast.com.tn,WordPress
http://bestprint.tn,WordPress
http://bestsante.com.tn,WordPress
http://besttech.tn,WordPress
http://bestunisie.com,WordPress
http://bestwayit.tn,WordPress
http://beta-ta.com,WordPress
http://beta.tn,Drupal
http://betacube.io,WordPress
http://beupsolutions.com,WordPress
http://beyondbusiness.tn,WordPress
http://bfcf.tn,WordPress
http://bfpme.com.tn,WordPress
http://bgmcom.agency,WordPress
http://bi4t.tn,WordPress
http://bias.com.tn,WordPress
http://biatconsulting.com,WordPress
http://bidata-consulting.tn,WordPress
http://bieco.com.tn,PrestaShop
http://biesterfeld.com,Drupal
http://bigotti.tn,PrestaShop
http://bijouterie-kacem.com,PrestaShop
http://bilelamdouni.digital,WordPress
http://billkamcha.tn,PrestaShop
http://bimflow.io,WordPress
http://binetna.com.tn,WordPress
http://biogene-tunisie.com,PrestaShop
http://bioinstruments.tn,WordPress
http://biolabo.com.tn,WordPress
http://biolux.com.tn,WordPress
http://biome-solar.com,WordPress
http://biomedica.tn,PrestaShop
http://bioorient.com.tn,WordPress
http://biopack.tn,WordPress
http://biorais.tn,WordPress
http://bioshop.tn,WordPress
http://biosource-tunisie.com,WordPress
http://biospheretn.com,WordPress
http://bipsms.tn,WordPress
http://bird-notes.com,WordPress
http://birrasmi.tn,PrestaShop
http://bisma-cabletech.com,WordPress
http://bit-soft.com.tn,WordPress
http://bit.tn,WordPress
http://bitakagroup.com.tn,WordPress
http://bits.tn,WordPress
http://biware-consulting.com,WordPress
http://bizertatoptravel.com,WordPress
http://bizeyes.net,WordPress
http://bkassocies.tn,WordPress
http://bkfood.com.tn,WordPress
http://blackout.tn,WordPress
http://blog-voyage.tn,WordPress
http://blog.ijeni.tn,WordPress
http://blog.medianet.com.tn,Drupal
http://blog.nizarus.tn,WordPress
http://blue-jay-systems.com,WordPress
http://blueisland.tn,PrestaShop
http://bm-company.com,WordPress
http://bm-equipement.com.tn,WordPress
http://bmac.tn,Drupal
http://bmc-interco.com.tn,WordPress
http://bmc.com.tn,WordPress
http://bmctrack.com,WordPress
http://bmfirst.com,WordPress
http://bmk-kinesitherapie.com,PrestaShop
http://bmk-sarl.com,WordPress
http://bms-electric.com,WordPress
http://bnb.tn,WordPress
http://bnina.tn,WordPress
http://bobio.tn,PrestaShop
http://bocasay.com,WordPress
http://bodigital.tn,WordPress
http://bodigitalmarketing.com,WordPress
http://boitecom.com,WordPress
http://bomi.com.tn,WordPress
http://bongest.net,WordPress
http://bonheur.tn,PrestaShop
http://bonnabeton.com,WordPress
http://bookandgotravel.com.tn,PrestaShop
http://booking.tn,PrestaShop
http://booking360.tn,PrestaShop
http://bookspace.tn,PrestaShop
http://bosch.tn,PrestaShop
http://bot99.co,WordPress
http://bouchamaoui.net,WordPress
http://bounou.tn,WordPress
http://bourse.tn,Drupal
http://bouslamatim.com,WordPress
http://boutika.tn,WordPress
http://boxcommunity.tn,WordPress
http://boxylab.tn,WordPress
http://bps-tunisie.com,WordPress
http://bps.tn,WordPress
http://brahimhd.com,WordPress
http://brandbox.tn,WordPress
http://brandt.tn,WordPress
http://bravissimmo.tn,WordPress
http://brc.com,WordPress
http://bri-industries.com,WordPress
http://brico-direct.tn,PrestaShop
http://brico-et-deco.com,WordPress
http://bricodeco.com.tn,WordPress
http://brioconsulting.tn,WordPress
http://brm.tn,WordPress
http://bs-solution.com,PrestaShop
http://bs-tunisia.com,PrestaShop
http://bscc.tn,WordPress
http://bstech.tn,PrestaShop
http://bstore.tn,PrestaShop
http://bsuccess.tn,WordPress
http://bt.tn,WordPress
http://bte.com.tn,PrestaShop
http://btl.tn,WordPress
http://btrade.com.tn,WordPress
http://btt.tn,WordPress
http://bugshunter.io,WordPress
http://bureau-vallee.com.tn,PrestaShop
http://bureauveritas.fr,Drupal
http://bureaux-deco.com,PrestaShop
http://business-and-ai.com,WordPress
http://business-solutions-tn.com,WordPress
http://business.gnet.tn,WordPress
http://businesskeys.tn,WordPress
http://businessmanagement.tn,WordPress
http://businessoftware.com.tn,WordPress
http://businessviewexperts.com,WordPress
http://businessweb.tn,WordPress
http://buzz-brokers.com,WordPress
http://bvmt.com.tn,Drupal
http://bvmt.tn,Drupal
http://bwogifarms.com,WordPress
http://byms.com.tn,WordPress
http://c-hub.tn,WordPress
http://c-sgroup.tn,WordPress
http://c2a.com.tn,WordPress
http://caa.com.tn,WordPress
http://cabinetavocat-bl.com,WordPress
http://cabinetennouri.tn,WordPress
http://cachets.tn,WordPress
http://cadeaux-tunisie.tn,WordPress
http://cadfem-an.com,WordPress
http://cadratin.com.tn,WordPress
http://cafe-job.net,WordPress
http://cafesbenyedder.com.tn,WordPress
http://cafesbondin.com.tn,WordPress
http://cafesport.net,WordPress
http://caipetozeur.tn,WordPress
http://california-gym.com,WordPress
http://callcenter.tn,WordPress
http://calypso-service.com,WordPress
http://camahdia.com,WordPress
http://camel-soft.com,WordPress
http://camion.tn,WordPress
http://campuspara.tn,WordPress
http://cap.com.tn,WordPress
http://capbonsante.com,WordPress
http://capcondo.tn,WordPress
http://capella.tn,Drupal
http://capevents.tn,PrestaShop
http://capmed.tn,WordPress
http://capricelingerie.com.tn,WordPress
http://captechnologies.com.tn,WordPress
http://caravantelecom.com,WordPress
http://cardio-cgct.com,WordPress
http://cardio-sfax-jerbi.tn,WordPress
http://cardiolife.tn,WordPress
http://carep.tn,WordPress
http://carhabtek.tn,WordPress
http://carthage-creances.tn,WordPress
http://carthage-solutions.com,WordPress
http://carthage-tours.com,WordPress
http://carthagecement.com.tn,Drupal
http://carthagemedical.com.tn,WordPress
http://carthagene.tn,WordPress
http://carthageneprod.com,PrestaShop
http://carthagesafety.com.tn,WordPress
http://carthagoceramic.com,WordPress
http://cas.tn,WordPress
http://casa-square.com,PrestaShop
http://casavita.tn,PrestaShop
http://cat-tn.com,WordPress
http://cataloguetunisie.com,WordPress
http://catering.com.tn,WordPress
http://cbaluminium.tn,WordPress
http://cbbc.rnrt.tn,WordPress
http://cbest.tn,WordPress
http://cbplus.tn,WordPress
http://ccatunisie.com,WordPress
http://ccc.me,WordPress
http://ccfaudit-tunisie.com,WordPress
http://ccicentre.org.tn,WordPress
http://ccino.org.tn,WordPress
http://ccise.org.tn,WordPress
http://ccitunis.org.tn,WordPress
http://cck.rnu.tn,WordPress
http://ccm-cg.com,WordPress
http://ccmtunisie.org.tn,WordPress
http://cdc.tn,Drupal
http://cdcd.tn,WordPress
http://cdesktop.tn,WordPress
http://cecoconsulting.com.tn,WordPress
http://cedris.fr,WordPress
http://ceik.rnu.tn,Drupal
http://celebrites.tn,WordPress
http://celebrity.tn,WordPress
http://cenaffif.nat.tn,WordPress
http://center-lasik.com,WordPress
http://centreyousra.tn,WordPress
http://century21.tn,WordPress
http://ceram-square.com,WordPress
http://cercinafilms.com.tn,WordPress
http://cestcomca.com,WordPress
http://cet-engineering.com.tn,WordPress
http://ceta.com.tn,Drupal
http://cetip.tn,WordPress
http://cettex.com.tn,PrestaShop
http://cfac.tn,WordPress
http://cfe.com.tn,WordPress
http://cgi.tn,PrestaShop
http://cgm.com.tn,WordPress
http://cgsadvisory.com,WordPress
http://chaexpert.com,WordPress
http://chahed-refrigeration.com,WordPress
http://chahia.com.tn,Drupal
http://chakerjeux.com.tn,WordPress
http://challenges.tn,WordPress
http://chamalo.net,WordPress
http://chamseljanoub.tn,WordPress
http://chantier.tn,Drupal
http://charif-alaoui.com,WordPress
http://charlotte.tn,WordPress
http://chatbot.tn,WordPress
http://chauffsol.com,WordPress
http://chbo-advisory.com,WordPress
http://cheapshop.tn,WordPress
http://chedlydemenagement.tn,WordPress
http://chedmed.tn,WordPress
http://cheikhrouhoupartners.com,WordPress
http://cherchini.tn,WordPress
http://cherrybeauty.tn,PrestaShop
http://chery-tunisie.com,WordPress
http://chezelle.tn,WordPress
http://chillandlit.tn,PrestaShop
http://chirurgie-esthetique-tun.com,WordPress
http://chroniques.tn,WordPress
http://cib.com.tn,WordPress
http://cible.tn,WordPress
http://cic-epc.com,WordPress
http://cife.org.tn,WordPress
http://cillium.net,WordPress
http://cilliumfm.net,WordPress
http://cinema-mobile-by-cinelec.tn,WordPress
http://circle.tn,WordPress
http://cistunis.tn,WordPress
http://cital.com.tn,WordPress
http://citations.tn,WordPress
http://citet.nat.tn,PrestaShop
http://citroenorigins.tn,Drupal
http://citymode.tn,PrestaShop
http://cityshop.tn,WordPress
http://citywatch.com.tn,PrestaShop
http://cjd.tn,WordPress
http://ckf.com.tn,WordPress
http://clarke-energy.com,WordPress
http://cleaningservices.tn,WordPress
http://cleantech216.com,WordPress
http://cleopatre.tn,PrestaShop
http://clever-company.tn,WordPress
http://clever-erp.com,WordPress
http://cliad.tn,WordPress
http://clibre.tn,WordPress
http://clickandcollect.monoprix.tn,PrestaShop
http://clickerp.tn,WordPress
http://clicktn.com,WordPress
http://clicsoft.tn,WordPress
http://clinibardo.tn,WordPress
http://clinique-elamen.com,WordPress
http://clinique-ennasr.com.tn,WordPress
http://clinique-esthetique-tunisie.tn,WordPress
http://clinique-internationale-tunisie.com,WordPress
http://clinique-les-violettes.com,WordPress
http://clinique-saint-augustin.com,WordPress
http://clinique-soukra.com,WordPress
http://cliniqueavicenne.com,WordPress
http://cliniquebeausejour.tn,WordPress
http://cliniqueducentre.com,Drupal
http://cliniqueelalya.com,WordPress
http://cliniquelesoliviers.net,Drupal
http://cliniquemed.tn,WordPress
http://cloudfutur.com,WordPress
http://cmas.tn,PrestaShop
http://cmca.tn,WordPress
http://cme-medical.tn,WordPress
http://cmf.tn,Drupal
http://cmik.tn,PrestaShop
http://cmplus.tn,WordPress
http://cms.com.tn,WordPress
http://cmsservizi.tn,WordPress
http://cnc.com.tn,WordPress
http://cnc.tn,WordPress
http://cnci.tn,WordPress
http://cni.tn,PrestaShop
http://cnm.com.tn,WordPress
http://cnomdt.tn,WordPress
http://cnopt.tn,WordPress
http://cnstn.rnrt.tn,WordPress
http://cnudst.rnrt.tn,WordPress
http://cnvz.agrinet.tn,PrestaShop
http://coala-tunisie.com,WordPress
http://cocacola.tn,Drupal
http://cocacolalight.tn,Drupal
http://cocacolazero.tn,Drupal
http://coccinelle.tn,WordPress
http://cockpit.tn,WordPress
http://cocotunisia.tn,WordPress
http://code-temple.com,WordPress
http://code.tn,WordPress
http://codeblackcom.com,WordPress
http://codecab.net,WordPress
http://codeolabs.tn,WordPress
http://codifa.net,WordPress
http://codis.com.tn,PrestaShop
http://cofat.com,WordPress
http://coffreforttunisie.tn,WordPress
http://cofivet.com,WordPress
http://cogemat.tn,WordPress
http://cogepha.com,WordPress
http://coges.tn,WordPress
http://cogesgargouri.tn,WordPress
http://cogic.com.tn,WordPress
http://cogite.tn,WordPress
http://collectiviteslocales.gov.tn,WordPress
http://colman.com.tn,WordPress
http://com-and-dev.com,WordPress
http://com2com.co,WordPress
http://comaf.tn,PrestaShop
http://comar.tn,Drupal
http://comectunisie.tn,WordPress
http://comet.com.tn,WordPress
http://cometa.com.tn,WordPress
http://comexa.com.tn,WordPress
http://comingagency.com,WordPress
http://commande.phct.com.tn,PrestaShop
http://commune-bizerte.gov.tn,PrestaShop
http://commune-bouficha.gov.tn,PrestaShop
http://commune-enfidha.gov.tn,PrestaShop
http://commune-ennadhour.tn,PrestaShop
http://commune-hammamet.gov.tn,WordPress
http://commune-khlidia.gov.tn,PrestaShop
http://commune-khniss.gov.tn,WordPress
http://commune-korba.gov.tn,PrestaShop
http://commune-kram.gov.tn,WordPress
http://commune-nabeul.gov.tn,PrestaShop
http://commune-rasjebel.gov.tn,PrestaShop
http://commune-sbikha.gov.tn,PrestaShop
http://commune-sfax.gov.tn,Drupal
http://commune-sidielhani.gov.tn,WordPress
http://commune-zaghouan.gov.tn,PrestaShop
http://commune-zriba.com.tn,PrestaShop
http://communetakelsa.tn,PrestaShop
http://communetestour.tn,PrestaShop
http://compass-it.net,WordPress
http://compassit.tn,WordPress
http://compassrelocation.tn,WordPress
http://compasstravel.tn,WordPress
http://compto-cie.com,WordPress
http://comptoir-hammami.com,WordPress
http://comptoirelkhalil.com.tn,WordPress
http://concept.com.tn,WordPress
http://concept.tn,WordPress
http://conceptb.tn,WordPress
http://conception.tn,PrestaShop
http://conceptplus.tn,WordPress
http://concorde-tunisia.com,Drupal
http://concours-tunisie.tn,WordPress
http://concourstunisie.com,WordPress
http://condairplus.com.tn,WordPress
http://condor-tunisie.tn,PrestaShop
http://conect.org.tn,WordPress
http://conectinternational.tn,Drupal
http://confortautocar.com.tn,WordPress
http://connect-canada.com,WordPress
http://connectphone.tn,WordPress
http://consaldi.com,WordPress
http://conseils-bc.com,WordPress
http://conso-med.com,WordPress
http://consultim-it.com,WordPress
http://continuousnet.com,WordPress
http://controlenergy.com.tn,WordPress
http://controlunion.com,WordPress
http://convergen.io,WordPress
http://conversecallcenter.com,WordPress
http://copal.com.tn,WordPress
http://copia.tn,WordPress
http://coquette.tn,PrestaShop
http://core-techs-solutions.com,PrestaShop
http://corp.tn,WordPress
http://coser.tn,WordPress
http://cosmecos.tn,WordPress
http://cosmedic.tn,PrestaShop
http://cosmetique.tn,PrestaShop
http://cotemaison.tn,WordPress
http://cottonade.tn,WordPress
http://cotugrain.com,WordPress
http://countryguide.tn,WordPress
http://cozi.tn,WordPress
http://cpa-porte.com.tn,WordPress
http://cpfmi.com,WordPress
http://craftfoundry.tech,WordPress
http://cravate.tn,PrestaShop
http://crazylifegroup.com,WordPress
http://creado.agency,WordPress
http://creation-site-web.tn,WordPress
http://creationartisanale.tn,WordPress
http://creativalearning.com,WordPress
http://creativeshape.tn,WordPress
http://creativetunisia.tn,WordPress
http://cresus.pro,PrestaShop
http://cresus.tn,PrestaShop
http://crk.tn,WordPress
http://crns.rnrt.tn,PrestaShop
http://crraodegache.agrinet.tn,PrestaShop
http://crrasidibouzid.agrinet.tn,PrestaShop
http://csdhlf.tn,WordPress
http://csfma.tn,WordPress
http://csirt.tn,WordPress
http://csp-pipe.com,WordPress
http://cspv.tn,WordPress
http://css-challenges.com,WordPress
http://css.org.tn,WordPress
http://cst.tn,WordPress
http://csvm.com.tn,WordPress
http://ctab.agrinet.tn,PrestaShop
http://ctaqua.tn,WordPress
http://ctaquaculture.tn,WordPress
http://ctc.tn,WordPress
http://ctcpg.com.tn,WordPress
http://ctici.org.tn,WordPress
http://ctkd.com.tn,WordPress
http://ctkd.tn,WordPress
http://ctl.tn,WordPress
http://ctm.tn,WordPress
http://ctrlx.tn,WordPress
http://ctstunisie.com,PrestaShop
http://cuisina.com,WordPress
http://cuisinetunisienne.tn,WordPress
http://culture.gov.tn,WordPress
http://culturefundingwatch.com,WordPress
http://culturel.tn,PrestaShop
http://cultureregions-tunis.gov.tn,WordPress
http://curabeauty.tn,WordPress
http://curaprox.tn,PrestaShop
http://curubisdigitaldistrict.com,WordPress
http://curvita.tn,WordPress
http://cvr.tn,WordPress
http://cyberesa.net,WordPress
http://cyberinfo.tn,PrestaShop
http://cybertek.tn,PrestaShop
http://cytopharma.tn,WordPress
http://daad.tn,PrestaShop
http://dadacrea.com,WordPress
http://dal.com.tn,WordPress
http://dalogistics.net,Drupal
http://danacreativeagency.com,WordPress
http://dardeco.com.tn,WordPress
http://dardhiafa.tn,WordPress
http://darelfounoun.com.tn,WordPress
http://dareljeld.com,WordPress
http://darlola.tn,WordPress
http://darna.tn,WordPress
http://data-sys.pro,WordPress
http://data.industrie.gov.tn,WordPress
http://data2-ai.com,WordPress
http://databox-int.com,WordPress
http://dataforum.tn,WordPress
http://datamallgroup.com,WordPress
http://datapro.tn,WordPress
http://dataserv.tn,WordPress
http://dataxion.com,WordPress
http://datcom.fr,PrestaShop
http://dcx.tn,PrestaShop
http://ddb.tn,WordPress
http://dealka.tn,WordPress
http://deals.fattooch.tn,WordPress
http://dealsat.tn,WordPress
http://deart-archi.com,WordPress
http://declic.tn,WordPress
http://declicoutdoor.com,WordPress
http://decoplast.tn,PrestaShop
http://decostore.com.tn,WordPress
http://deepseass.com,WordPress
http://defensy.io,WordPress
http://delfingen.com,WordPress
http://delishsides.com,WordPress
http://delphisoft.com.tn,WordPress
http://delphisoft.tn,WordPress
http://delta.tn,WordPress
http://delta2sgroup.com,WordPress
http://deltacuisine.com,WordPress
http://deltagroup.com.tn,WordPress
http://deltapack.com.tn,WordPress
http://deltapiscines.com,WordPress
http://deltaservice.com.tn,WordPress
http://deltasoft.com.tn,WordPress
http://deluxe.tn,WordPress
http://demenagement-tunisie.com,WordPress
http://demenagement.tn,WordPress
http://demenagement24.tn,WordPress
http://demenagementtunisie.tn,WordPress
http://dentalconcept.net,PrestaShop
http://desertjoy.tn,WordPress
http://design2lab.com,WordPress
http://designactivity.tn,WordPress
http://designcode.com.tn,WordPress
http://designstore.tn,WordPress
http://designtab.tn,WordPress
http://dev-export.com,WordPress
http://devcodix.com,WordPress
http://developpeurs-web.com,WordPress
http://deveoo.com,WordPress
http://devizy-ops.com,WordPress
http://devlopy.tn,WordPress
http://devnet.tn,WordPress
http://devoteam.tn,WordPress
http://devpro.tn,WordPress
http://devsync.tn,WordPress
http://deyma.tn,PrestaShop
http://dfc-software.com,WordPress
http://dfsk.tn,WordPress
http://dgtec.tn,WordPress
http://dgvr.tn,PrestaShop
http://dhaoui-dattes.com,WordPress
http://dhayaati.tn,WordPress
http://dheyafa.com,PrestaShop
http://diamantsoft.tn,WordPress
http://diamelle.tn,WordPress
http://diamondservices.expert,WordPress
http://diar-chermiti.tn,Drupal
http://diarelamel.tn,WordPress
http://diarelmelk.tn,WordPress
http://diaryofhackers.com,WordPress
http://digika.tn,PrestaShop
http://digip.tn,WordPress
http://digiperfectconsulting.com,WordPress
http://digipower.tn,WordPress
http://digipress1.com,PrestaShop
http://digiroda.com,WordPress
http://digit-s.tn,WordPress
http://digit-u.com,WordPress
http://digital-click.tn,WordPress
http://digital-communication.tn,PrestaShop
http://digital-discovery.tn,WordPress
http://digital-market.fr,WordPress
http://digital-rise-solutions.com,WordPress
http://digital-street.tn,WordPress
http://digitalbox.tn,PrestaShop
http://digitalbranding.tn,WordPress
http://digitalbundle.tn,WordPress
http://digitalcity.tn,WordPress
http://digitalden.fr,WordPress
http://digitalexpressmastering.com,WordPress
http://digitalize.tn,WordPress
http://digitalnewage.agency,WordPress
http://digitalsummit.tn,WordPress
http://digitalsyndrom.net,WordPress
http://digitecom.tn,PrestaShop
http://digitoo.io,WordPress
http://digivoip.tn,WordPress
http://dimedtec.tn,WordPress
http://directelectro.tn,PrestaShop
http://directinfo.tn,WordPress
http://directinfo.webmanagercenter.com,WordPress
http://discovery.com.tn,Drupal
http://discoveryinformatique.com,Drupal
http://dismatic.tn,WordPress
http://distriwan.tn,WordPress
http://djerbagolf.com.tn,WordPress
http://djerbagolfresort.tn,PrestaShop
http://djerbaimmo.tn,Drupal
http://djerbatour.com,PrestaShop
http://dl-pro.net,WordPress
http://dle.com.tn,WordPress
http://doctour.tn,WordPress
http://doculock.io,WordPress
http://domainetat.tn,WordPress
http://domelec-tn.com,WordPress
http://domespace.tn,WordPress
http://domi-affaire.com,WordPress
http://domiciliation.tn,WordPress
http://domicilier.tn,WordPress
http://dominobrand.io,WordPress
http://dongfeng.tn,WordPress
http://doremail.com,PrestaShop
http://dorratex.tn,WordPress
http://dotcom.tn,WordPress
http://dotit-corp.com,WordPress
http://dotit.com.tn,WordPress
http://dots.tn,WordPress
http://dottn.com,Drupal
http://douik-balance.com,WordPress
http://doz-life-sciences.com,PrestaShop
http://dpc.com.tn,WordPress
http://dpm.tn,Drupal
http://dr-ghassen-boulahia.tn,WordPress
http://drbalti.tn,WordPress
http://dreamtech.tn,PrestaShop
http://drest.tn,WordPress
http://drillserv-tunisia.com.tn,WordPress
http://drinac.com,WordPress
http://driveds.tn,Drupal
http://drtechnologies.com.tn,WordPress
http://ds.com.tn,WordPress
http://dsautomobiles.tn,Drupal
http://dsfactory.com.tn,WordPress
http://dsoservices.com,WordPress
http://duobois.tn,WordPress
http://durasell.tn,WordPress
http://dux-erp.com,WordPress
http://dwexo.com,WordPress
http://dydago.com,WordPress
http://e-a.com.tn,WordPress
http://e-festivals.tn,PrestaShop
http://e-formation.tn,WordPress
http://e-syndic.tn,PrestaShop
http://e2b-consulting.com,WordPress
http://e3jaz.tn,WordPress
http://ead.com.tn,WordPress
http://eaglecom-events.com,WordPress
http://eagleweb.dev,WordPress
http://easycoding.tn,WordPress
http://easycom-agency.com,WordPress
http://easyprint.tn,PrestaShop
http://eau-thermale-avene.tn,Drupal
http://eba.tn,WordPress
http://ebci.com.tn,PrestaShop
http://ebm.com.tn,WordPress
http://ebr-balance.com.tn,WordPress
http://ebrandigital.com,WordPress
http://ebs.tn,WordPress
http://ebtravel.tn,PrestaShop
http://ec-tunis.com,WordPress
http://ecc-tunisia.com,WordPress
http://ecc.tn,WordPress
http://echocom.agency,WordPress
http://ecingenierie.com,WordPress
http://ecolav.tn,WordPress
http://ecole-ete-migration.tn,WordPress
http://ecoleprivee.tn,WordPress
http://ecomed.com.tn,WordPress
http://ecomed.tn,WordPress
http://ecoservices.com.tn,WordPress
http://ecotunisie.com,WordPress
http://ecovis.com,WordPress
http://ecoweby.com,WordPress
http://eden-des-sages.com,WordPress
http://eden.com.tn,WordPress
http://edengarden.tn,WordPress
http://edentours.tn,WordPress
http://edge-agency.tn,WordPress
http://edimar.tn,WordPress
http://edptunisie.tn,WordPress
http://edrisraies.tn,PrestaShop
http://edums.tn,WordPress
http://ee-reseau-tunisie.tn,WordPress
http://eemar.tn,Drupal
http://eemarcity.com,Drupal
http://een-tunisie.tn,WordPress
http://efig.tn,WordPress
http://egas.tn,WordPress
http://egb-benyedder.com.tn,WordPress
http://egb.com.tn,WordPress
http://egem.tn,WordPress
http://egms.com.tn,WordPress
http://egs-tunisie.com,WordPress
http://ehk-tunisie.com,WordPress
http://ehome.tn,WordPress
http://eib.org,PrestaShop
http://eikone.tn,WordPress
http://einfo.tn,WordPress
http://ekrili.tn,PrestaShop
http://el-alamiah.com,WordPress
http://el5edma.tn,WordPress
http://elaa-international.com,WordPress
http://elaremrentacar.tn,PrestaShop
http://elba.de,WordPress
http://elbaouaba.tn,WordPress
http://elboita.com,WordPress
http://elbousten.com,WordPress
http://electrastudio.com,WordPress
http://electro-mbh.tn,PrestaShop
http://electro-tunis.tn,PrestaShop
http://electrobennjima.tn,WordPress
http://electrofluides.com.tn,WordPress
http://electronica.tn,WordPress
http://electroquip.tn,WordPress
http://electrosoft.com.tn,WordPress
http://electrotounes.tn,PrestaShop
http://eleonetech.com,WordPress
http://elfarabi.tn,WordPress
http://elfirma.tn,WordPress
http://elhamdani.com,PrestaShop
http://elia.com.tn,WordPress
http://elite-communications.tn,WordPress
http://elite-formation.com,WordPress
http://elite2com.com,WordPress
http://elitemedtech.com,WordPress
http://elkhabia.com,WordPress
http://elkhadra.tn,Drupal
http://elligy.com,WordPress
http://ellouze.com,WordPress
http://ellouze.tn,Drupal
http://elmoussem.tn,WordPress
http://eloquence-content.tn,WordPress
http://elsoplast.com,WordPress
http://elyosdigital.com,Drupal
http://emashq.com,WordPress
http://emat.defense.tn,WordPress
http://ematelas.tn,PrestaShop
http://emballagetunisie.tn,WordPress
http://emcm.tn,WordPress
http://emg.tn,WordPress
http://emh.com.tn,WordPress
http://emi.com.tn,WordPress
http://eminence.com.tn,WordPress
http://eminence.tn,WordPress
http://emotion.com.tn,WordPress
http://emp.com.tn,WordPress
http://emp.tn,WordPress
http://emploi-tunisie-travail.com,WordPress
http://emploi.rn.tn,PrestaShop
http://employeur.tn,PrestaShop
http://empower.tn,WordPress
http://ems-industry.com,WordPress
http://ena.nat.tn,WordPress
http://ena.tn,WordPress
http://enau.rnu.tn,WordPress
http://end2end.tn,WordPress
http://endarabe.org.tn,WordPress
http://endatamweel.tn,WordPress
http://energika.com.tn,WordPress
http://energy-solutions.tn,WordPress
http://enerpec.com,WordPress
http://enetcom.rnu.tn,Drupal
http://enig.rnu.tn,PrestaShop
http://enit.rnu.tn,WordPress
http://enovarobotics.com,WordPress
http://enovarobotics.eu,WordPress
http://ens.rnu.tn,WordPress
http://enseigne.tn,WordPress
http://ensi.rnu.tn,PrestaShop
http://ensit.tn,WordPress
http://enstock.tn,WordPress
http://ent-brahem.com,WordPress
http://entaleq-online.com,WordPress
http://entrac.com.tn,WordPress
http://entrelec.com.tn,WordPress
http://entrepriseelamen.com,WordPress
http://epargne-immobiliere.com,WordPress
http://epcm.com.tn,WordPress
http://epikur-marketing.com,WordPress
http://epimoule.com,WordPress
http://equipement.tn,WordPress
http://equipementmoderne.com.tn,PrestaShop
http://equiporte.com.tn,WordPress
http://erp-tunisie.tn,WordPress
http://esad-tunis.com,Drupal
http://esad.tn,Drupal
http://esamograne.agrinet.tn,PrestaShop
http://esat.ens.tn,WordPress
http://esb.tn,WordPress
http://escaperoomtunisia.tn,WordPress
http://escapetravel.tn,WordPress
http://escda.tn,WordPress
http://escs.rnu.tn,Drupal
http://esd.tn,WordPress
http://ese.com.tn,WordPress
http://eseac.ens.tn,Drupal
http://esh.tn,PrestaShop
http://eshmoun.com.tn,WordPress
http://esim.agrinet.tn,PrestaShop
http://esip.tn,WordPress
http://eskills.agency,WordPress
http://esmod.com.tn,WordPress
http://esoft.tn,WordPress
http://espacehome.tn,WordPress
http://espacemanager.com,Drupal
http://espita.ens.tn,WordPress
http://esprodevents.com,WordPress
http://essid.com.tn,WordPress
http://essidvoyages.com,Drupal
http://essor.tn,WordPress
http://estudiant.education,WordPress
http://estudiant.tn,WordPress
http://esw.tn,WordPress
http://etalent.tn,WordPress
http://etancheite.com.tn,WordPress
http://etctn.com,WordPress
http://etelec.com.tn,WordPress
http://etgei.com,PrestaShop
http://etijara.tn,PrestaShop
http://etikks.com,WordPress
http://etph.com.tn,WordPress
http://ets-benhamed.tn,WordPress
http://eurafrique.legal,WordPress
http://eurextunisie.com,WordPress
http://eurocycles.com.tn,WordPress
http://europedecom.tn,WordPress
http://eurospeleo.eu,WordPress
http://evabeauty.tn,PrestaShop
http://evaluation.com.tn,WordPress
http://evasion.com.tn,WordPress
http://evenement.tn,Drupal
http://everience.com,WordPress
http://evolo.tn,WordPress
http://ewins.com.my,WordPress
http://exacomaudit.com,WordPress
http://examanet.net,WordPress
http://examens.tn,WordPress
http://excellence.com.tn,Drupal
http://excellencemedicale.tn,PrestaShop
http://excellencia.net,WordPress
http://excellentiainstitute.com,WordPress
http://excelliacreance.com,WordPress
http://excellop.com,WordPress
http://excelplastunisie.com,PrestaShop
http://exist.com.tn,PrestaShop
http://expert-business-solutions.com,WordPress
http://expertest.tn,WordPress
http://expertimmo.tn,WordPress
http://expertlogiciel.com,PrestaShop
http://expertservice.tn,WordPress
http://expertunisie.com,WordPress
http://exportateur.tn,WordPress
http://expressdisplay.net,PrestaShop
http://expressmailing.tn,WordPress
http://expressshop.tn,WordPress
http://expresstransfert.tn,PrestaShop
http://expressworld.com.tn,WordPress
http://externalys.tn,Drupal
http://extracolor.com.tn,WordPress
http://exypnos.dev,WordPress
http://eyecatching.tn,Drupal
http://ezar-ltd.com,PrestaShop
http://ezzayra.com,WordPress
http://faac.tn,WordPress
http://fabiland.tn,WordPress
http://fairtrade.tn,WordPress
http://falconinspec.com,WordPress
http://fanta.tn,Drupal
http://farah.com.tn,WordPress
http://farojob.net,WordPress
http://fas.com.tn,WordPress
http://fasterservice.tn,WordPress
http://fastinternational.com,PrestaShop
http://fatales.tn,PrestaShop
http://fawaniss.tn,PrestaShop
http://fb-tunis.org,WordPress
http://federationhandball.tn,WordPress
http://feerie-pro.com,WordPress
http://fekrati.tn,WordPress
http://fema.tn,WordPress
http://femmesdemenage.tn,WordPress
http://ferien-in-tunesien.de,WordPress
http://fertillia.com,WordPress
http://festivaldecarthage.tn,WordPress
http://festivaleljem.tn,WordPress
http://ffps-commissioning.com,WordPress
http://fgme.tn,WordPress
http://fi-khedmatikom.tn,WordPress
http://fiatprofessional.tn,WordPress
http://ficom-conseil.com,WordPress
http://fidelium-finance.com.tn,WordPress
http://fidelys.tn,WordPress
http://fidsexcellence.tn,WordPress
http://figjammobile.com,WordPress
http://finances.gov.tn,Drupal
http://finek.com.tn,PrestaShop
http://fintechlab.ly,WordPress
http://firstcom.com.tn,WordPress
http://firstenergy.tn,WordPress
http://firstvision.com.tn,WordPress
http://fit-tunisie.org,WordPress
http://fitness-diet.tn,PrestaShop
http://fitnessmag.tn,WordPress
http://fixiha.tn,WordPress
http://flairandvision.com,WordPress
http://flashmode.tn,WordPress
http://fleurtex.com.tn,WordPress
http://flexi-tek.com,WordPress
http://flexos-tunisie.com,PrestaShop
http://floralies.com.tn,WordPress
http://flowers.tn,WordPress
http://fls.com.tn,Drupal
http://flshs.rnu.tn,PrestaShop
http://fluides-services.com,PrestaShop
http://flutter.tn,WordPress
http://fmm.tn,WordPress
http://fmt.rnu.tn,WordPress
http://focal-ise.com,WordPress
http://focusoptique.tn,WordPress
http://fondation.mmt.tn,WordPress
http://fondationrambourg.tn,WordPress
http://fonderiekhayache.com,PrestaShop
http://foodly.tn,WordPress
http://foodone.com.tn,WordPress
http://for.tn,WordPress
http://forevermo.tn,WordPress
http://forma-tice.net,WordPress
http://formalites.industrie.gov.tn,Drupal
http://formapro.tn,WordPress
http://formation.medianet.com.tn,WordPress
http://formation.medianet.tn,WordPress
http://formationtunis.tn,WordPress
http://forsa.tn,WordPress
http://forum-dsi.com,WordPress
http://forum.com.tn,WordPress
http://forumdelofficine.tn,WordPress
http://fournituredebureau.tn,WordPress
http://fouta.tn,PrestaShop
http://fphm.rnu.tn,Drupal
http://fr.groupeonet.com,WordPress
http://francais-du-primaire.com,WordPress
http://franchise-magazine.com,WordPress
http://freedom-technology.tn,WordPress
http://freedomofdev.com,WordPress
http://freehand-design.com,WordPress
http://freelab.tn,WordPress
http://freelances.tn,WordPress
http://freesuccess.digital,WordPress
http://fresh.tn,WordPress
http://frigoindus.net,WordPress
http://fripeji.tn,WordPress
http://fs-institute.tn,WordPress
http://fsegma.rnu.tn,Drupal
http://fsegn.rnu.tn,Drupal
http://fsegt.rnu.tn,WordPress
http://fshst.rnu.tn,WordPress
http://fsjegj.rnu.tn,Drupal
http://fsjpst.rnu.tn,WordPress
http://fss.rnu.tn,PrestaShop
http://ftauto.org.tn,WordPress
http://ftav.org,WordPress
http://ftbb.org.tn,WordPress
http://ftbp.org.tn,WordPress
http://ftcc.tn,WordPress
http://ftf.org.tn,WordPress
http://ftg.org.tn,WordPress
http://ftnatation.tn,WordPress
http://fttt.tn,WordPress
http://ftusanet.org,WordPress
http://fuba-tunisie.com,WordPress
http://fullstack.tn,PrestaShop
http://future-pub.tn,WordPress
http://futureislands.net,WordPress
http://fysoft.info,WordPress
http://g-monastir.tn,PrestaShop
http://gacom360.com,WordPress
http://galaxygym.tn,WordPress
http://galaxynaturel.com.tn,PrestaShop
http://galeriedesdecors.com,PrestaShop
http://galpharma.tn,WordPress
http://gam-tunisie.com,WordPress
http://gam.com.tn,WordPress
http://gambro.com,Drupal
http://gamco-energy.com,WordPress
http://gametek.tn,PrestaShop
http://gameworld.tn,PrestaShop
http://gamezone.tn,PrestaShop
http://gamma-auto.com,PrestaShop
http://garcicom.com,WordPress
http://garden-square.tn,WordPress
http://gargouri-emballages.com,WordPress
http://gat.com.tn,Drupal
http://gateway.tn,WordPress
http://gatvie.com.tn,Drupal
http://gayo-tech.com,WordPress
http://gbmaquanature.com,PrestaShop
http://gbo.tn,Drupal
http://gcm.tn,WordPress
http://gcsholding.com.tn,WordPress
http://gdf-tunisie.com,WordPress
http://gdsautomatisme.com,WordPress
http://ge-energie.com,WordPress
http://ge.com.tn,WordPress
http://geant.tn,PrestaShop
http://ged-plus.com,WordPress
http://geec.tn,WordPress
http://geiser.com.tn,PrestaShop
http://gema.com.tn,WordPress
http://gemar.com.tn,WordPress
http://gems-tn.com,WordPress
http://general-equipement.tn,PrestaShop
http://generaldesign.tn,WordPress
http://generalehortiservices.com,PrestaShop
http://generalemballage.com,WordPress
http://generalmetal.com.tn,WordPress
http://generalmetal.tn,WordPress
http://generalsecurite.com,WordPress
http://genzcreativeagency.com,WordPress
http://geo-tracking.net,WordPress
http://geoconseil.com,WordPress
http://geodis.com,Drupal
http://geoplus.com.tn,WordPress
http://georgetproduction.com,WordPress
http://geoseis.tn,WordPress
http://gep.tn,WordPress
http://gerep-environnement.com,PrestaShop
http://gerflor.fr,Drupal
http://ges.com.tn,Drupal
http://getit-tunisie.com,WordPress
http://getwireless.com.tn,WordPress
http://getyourcopy.tn,WordPress
http://getyourcv.net,WordPress
http://ggs.com.tn,WordPress
http://ghariani.tn,WordPress
http://gherri-consulting.com,WordPress
http://ghrs.com.tn,WordPress
http://ghsecurity.tn,WordPress
http://gias-industries.com.tn,WordPress
http://gic.tn,WordPress
http://gica.tn,WordPress
http://gielighting.com,WordPress
http://gifts.tn,PrestaShop
http://gigsdesk.com,WordPress
http://gimtunisie.com,WordPress
http://ginformatique.com,WordPress
http://ginger.com.tn,WordPress
http://gisaqua.com,WordPress
http://giss.tn,WordPress
http://gladiators-media.com,WordPress
http://global-energie.com,WordPress
http://global-it-vision.com,WordPress
http://global.tn,WordPress
http://globalassistance.org,WordPress
http://globalindustry-tn.com,WordPress
http://globalnet.tn,WordPress
http://globaltech.com.tn,WordPress
http://globaltest-tunisie.com,WordPress
http://globerider.com.tn,WordPress
http://gm-archi.com.tn,PrestaShop
http://gmdesign.com.tn,WordPress
http://gmi.tn,WordPress
http://gmihahouriamedical.com,WordPress
http://gmp-tunisia.com,WordPress
http://gnet.tn,WordPress
http://gntclima.com,WordPress
http://gola.tn,PrestaShop
http://goldagroup.tn,WordPress
http://golden-confort.com,PrestaShop
http://goldencoffee.com.tn,WordPress
http://goldtec.tn,PrestaShop
http://golf-academy.tn,WordPress
http://gomarket.com.tn,WordPress
http://gomycode.tn,WordPress
http://goodwill.tn,WordPress
http://gosushi.tn,WordPress
http://gourmandise.com.tn,PrestaShop
http://gourmandise.tn,PrestaShop
http://gpe.com.tn,WordPress
http://gpro-consulting.com,WordPress
http://gps-tn.com,WordPress
http://gps-tunisie.tn,WordPress
http://grant-thornton.tn,PrestaShop
http://grantthornton.tn,PrestaShop
http://granuphos.com.tn,WordPress
http://graphianet.com,PrestaShop
http://graphiasi.tn,WordPress
http://greatwall.tn,WordPress
http://green-tech.tn,WordPress
http://green-tours.net,PrestaShop
http://greenengineering.com.tn,WordPress
http://greenpower.com.tn,WordPress
http://greenpower.tn,PrestaShop
http://greensoft-it.com,WordPress
http://grepsys.com,WordPress
http://griotte.tn,WordPress
http://grnt.tn,PrestaShop
http://groupe-accelea.com,WordPress
http://groupe-acr.com,WordPress
http://groupe-hli.com,WordPress
http://groupe-moalla.com,WordPress
http://groupe-telnet.com,WordPress
http://groupefaze.com,WordPress
http://groupenakbi.com,PrestaShop
http://groupesoroubat.com,WordPress
http://growth-lab.digital,WordPress
http://gs1.tn,WordPress
http://gsdi.tn,WordPress
http://gsn.com.tn,Drupal
http://gsp-tunisie.com,WordPress
http://gsrd.tn,WordPress
http://gstl.tn,WordPress
http://gtisservise.asso-web.com,PrestaShop
http://gtstunisia.com.tn,WordPress
http://guerbaa-avocats.tn,WordPress
http://guichet.tn,PrestaShop
http://guideparents.tn,Drupal
http://guiks.tn,WordPress
http://guirat.tn,PrestaShop
http://h-media.tn,WordPress
http://h2s-nettoyage.tn,WordPress
http://hadhriconsulting.tn,WordPress
http://haica.tn,WordPress
http://hajtibik.tn,PrestaShop
http://hakuna.digital,WordPress
http://half.com.tn,Drupal
http://hamed.tn,WordPress
http://hammamishipsupply.tn,WordPress
http://hanadvice.tn,WordPress
http://handball.tn,WordPress
http://hannon.tn,WordPress
http://happyday.tn,PrestaShop
http://hardybill.com,PrestaShop
http://haval.tn,WordPress
http://hayeti.tn,PrestaShop
http://haysondeco.com,WordPress
http://hazgui.tn,WordPress
http://hba.tn,WordPress
http://hbjqhax.cluster023.hosting.ovh.net,PrestaShop
http://hcc-mena.com,PrestaShop
http://hccaf.tn,PrestaShop
http://hcv-conseil.com,WordPress
http://hdcpharma.com,WordPress
http://hdmag.net,WordPress
http://hdsdigital.com,WordPress
http://healthtech.tn,WordPress
http://healthy.tn,WordPress
http://helioflex.com.tn,WordPress
http://helloworld.consulting,WordPress
http://hemeis.org,WordPress
http://herbioart.tn,PrestaShop
http://hevents.tn,WordPress
http://heyvast.com,WordPress
http://hi-protect.tn,WordPress
http://highlights.com.tn,WordPress
http://histoiredesfax.com,WordPress
http://hit-group.website,WordPress
http://hk.com.tn,WordPress
http://hkeya.tn,WordPress
http://hmt.tn,PrestaShop
http://hola-kasserine.tn,WordPress
http://holiday-study.tn,WordPress
http://home-electn.com,WordPress
http://homesweethome.com.tn,WordPress
http://horchani-dattes.com,PrestaShop
http://horizon-data.tn,WordPress
http://horizonlux.com,WordPress
http://hosinox.com,WordPress
http://hoss.tn,WordPress
http://hotelamina.com.tn,WordPress
http://hoteltunisie.tn,PrestaShop
http://hotixsoft.com,WordPress
http://housekeeping.tn,WordPress
http://hps.tn,WordPress
http://hsa-intlconsulting.com,WordPress
http://htconsulting.co,WordPress
http://1001para.tn,PrestaShop
http://4sport.com.tn,PrestaShop
http://adis.tn,PrestaShop
http://affariyet.com,PrestaShop
http://agora.com.tn,PrestaShop
http://agrafe.tn,PrestaShop
http://airoxy.tn,PrestaShop
http://alarabia.com.tn,PrestaShop
http://alibabamusic.com,PrestaShop
http://allani-tunisie.tn,PrestaShop
http://allani.com.tn,PrestaShop
http://allani.tn,PrestaShop
http://alwosta.tn,PrestaShop
http://animalzone.tn,PrestaShop
http://artisansdart.tn,PrestaShop
http://astre-engineering.com,PrestaShop
http://atlasmedical-tn.com,PrestaShop
http://avantica.tn,PrestaShop
http://azal.tn,PrestaShop
http://babymam.tn,PrestaShop
http://bagotti.tn,PrestaShop
http://baity.tn,PrestaShop
http://baletto.tn,PrestaShop
http://beautystore.tn,PrestaShop
http://bebeetmaman.tn,PrestaShop
http://beehouse.tn,PrestaShop
http://behtunisie.com,PrestaShop
http://behtunisie.store,PrestaShop
http://benhnia.tn,PrestaShop
http://bieco.com.tn,PrestaShop
http://bigotti.tn,PrestaShop
http://bijouterie-kacem.com,PrestaShop
http://biomedica.tn,PrestaShop
http://bmk-kinesitherapie.com,PrestaShop
http://bobio.tn,PrestaShop
http://bookspace.tn,PrestaShop
http://brico-direct.tn,PrestaShop
http://bstore.tn,PrestaShop
http://bureau-vallee.com.tn,PrestaShop
http://bureaux-deco.com,PrestaShop
http://casa-square.com,PrestaShop
http://casavita.tn,PrestaShop
http://cherrybeauty.tn,PrestaShop
http://chillandlit.tn,PrestaShop
http://cib.com.tn,WordPress
http://citymode.tn,PrestaShop
http://citywatch.com.tn,PrestaShop
http://cleopatre.tn,PrestaShop
http://clickandcollect.monoprix.tn,PrestaShop
http://comaf.tn,PrestaShop
http://coquette.tn,PrestaShop
http://cosmedic.tn,PrestaShop
http://cosmetique.tn,PrestaShop
http://cravate.tn,PrestaShop
http://ctstunisie.com,PrestaShop
http://curaprox.tn,PrestaShop
http://cyberinfo.tn,PrestaShop
http://cybertek.tn,PrestaShop
http://dentalconcept.net,PrestaShop
http://deyma.tn,PrestaShop
http://digipress1.com,PrestaShop
http://directelectro.tn,PrestaShop
http://doremail.com,PrestaShop
http://e-festivals.tn,PrestaShop
http://easyprint.tn,PrestaShop
http://ekrili.tn,PrestaShop
http://elaremrentacar.tn,PrestaShop
http://electro-tunis.tn,PrestaShop
http://electrotounes.tn,PrestaShop
http://elhamdani.com,PrestaShop
http://ematelas.tn,PrestaShop
http://etijara.tn,PrestaShop
http://evabeauty.tn,PrestaShop
http://exist.com.tn,PrestaShop
http://expertlogiciel.com,PrestaShop
http://expressdisplay.net,PrestaShop
http://fatales.tn,PrestaShop
http://fitness-diet.tn,PrestaShop
http://fluides-services.com,PrestaShop
http://fouta.tn,PrestaShop
http://galaxynaturel.com.tn,PrestaShop
http://galeriedesdecors.com,PrestaShop
http://gametek.tn,PrestaShop
http://gameworld.tn,PrestaShop
http://gamezone.tn,PrestaShop
http://gamma-auto.com,PrestaShop
http://geant.tn,PrestaShop
http://general-equipement.tn,PrestaShop
http://generalehortiservices.com,PrestaShop
http://goldtec.tn,PrestaShop
http://gourmandise.com.tn,PrestaShop
http://gourmandise.tn,PrestaShop
http://guirat.tn,PrestaShop
http://happyday.tn,PrestaShop
http://hardybill.com,PrestaShop
http://hayeti.tn,PrestaShop
http://hmt.tn,PrestaShop
http://horchani-dattes.com,PrestaShop
http://hummel.tn,PrestaShop
http://hygiene.tn,PrestaShop
http://i3c.com.tn,PrestaShop
http://idealshop.tn,PrestaShop
http://idrak.tn,PrestaShop
http://imc-tn.tn,PrestaShop
http://iris-confection.com.tn,PrestaShop
http://itech.tn,PrestaShop
http://itechstore.tn,PrestaShop
http://jacaranda.com.tn,PrestaShop
http://joaillerie-larous.com.tn,PrestaShop
http://joliesse.com.tn,PrestaShop
http://junioroutlet.tn,PrestaShop
http://kara.tn,PrestaShop
http://kfc.com.tn,PrestaShop
http://khadraouitek.tn,PrestaShop
http://la-maisonnette.net,PrestaShop
http://lafete.tn,PrestaShop
http://lamaison.tn,PrestaShop
http://lamode.tn,PrestaShop
http://lareine.com.tn,PrestaShop
http://lart-du-meuble.tn,PrestaShop
http://lastpricetunisie.tn,PrestaShop
http://lecnt.com,PrestaShop
http://lemall.tn,PrestaShop
http://lesportif.com.tn,PrestaShop
http://libris.com.tn,PrestaShop
http://lms.tn,PrestaShop
http://loop.tn,PrestaShop
http://lunivers-info.com.tn,PrestaShop
http://lyoum.tn,PrestaShop
http://mag-optic.com,PrestaShop
http://maghrebcycles.tn,PrestaShop
http://magikgames.tn,PrestaShop
http://maisondesenteurs.tn,PrestaShop
http://mami.tn,PrestaShop
http://mapedstore.tn,WordPress
http://masmoudi-distribution.com,PrestaShop
http://materna.tn,PrestaShop
http://max-protect.com,PrestaShop
http://mbm-tn.com,PrestaShop
http://mcd-tunisie.com,PrestaShop
http://mdnatur.tn,PrestaShop
http://mediavision.tn,PrestaShop
http://medical-contact.net,PrestaShop
http://medicalworldcompany.tn,PrestaShop
http://megasystems.com.tn,PrestaShop
http://meriah.com.tn,PrestaShop
http://metapro.tn,PrestaShop
http://micromedia.tn,PrestaShop
http://mips.com.tn,PrestaShop
http://mpshop.tn,PrestaShop
http://mts.com.tn,PrestaShop
http://mtsplus.tn,PrestaShop
http://musicplus.tn,PrestaShop
http://mypets.tn,PrestaShop
http://numedia.tn,PrestaShop
http://ooredoo.tn,PrestaShop
http://oxtek.tn,PrestaShop
http://oxywear.com.tn,PrestaShop
http://packtoo.tn,PrestaShop
http://panda.tn,PrestaShop
http://parafendri.tn,PrestaShop
http://parahouse.tn,PrestaShop
http://paraland.tn,PrestaShop
http://paranet.tn,PrestaShop
http://paratamtam.com,PrestaShop
http://peaksports.tn,PrestaShop
http://pharmanet.tn,PrestaShop
http://pharmavie.com.tn,PrestaShop
http://piccolo.tn,PrestaShop
http://pima.tn,PrestaShop
http://planetvape.tn,PrestaShop
http://pneu-ssr.com.tn,PrestaShop
http://pointm.tn,PrestaShop
http://polosantabarbara.tn,PrestaShop
http://polycoq.com,PrestaShop
http://polyelectric.com.tn,PrestaShop
http://polyjumbo.com,PrestaShop
http://poolstar.tn,PrestaShop
http://portamento.tn,PrestaShop
http://presert.com,PrestaShop
http://promoculture.com.tn,PrestaShop
http://provision-labs.com,WordPress
http://pulvagri.com.tn,PrestaShop
http://retina.tn,PrestaShop
http://revolon.com,PrestaShop
http://rkinformatique.com,PrestaShop
http://safir-it.tn,PrestaShop
http://samsungshop.tn,PrestaShop
http://santeplus.com.tn,PrestaShop
http://saradeco.tn,PrestaShop
http://satshop.tn,PrestaShop
http://scoop.com.tn,PrestaShop
http://scoopgaming.com.tn,PrestaShop
http://sdesign.com.tn,PrestaShop
http://secure-it.tn,PrestaShop
http://select-tunisie.com,PrestaShop
http://serphadom.com,PrestaShop
http://servisat.tn,PrestaShop
http://sier.com.tn,PrestaShop
http://skila.tn,PrestaShop
http://skymil-informatique.com,PrestaShop
http://smartelectric.tn,PrestaShop
http://snesometel.com.tn,PrestaShop
http://snesometel.tn,PrestaShop
http://sodexostore.tn,PrestaShop
http://somef.tn,PrestaShop
http://sonomusic.tn,PrestaShop
http://sotucoupe.com,PrestaShop
http://souani.com.tn,PrestaShop
http://souani.tn,PrestaShop
http://soukelkahina.tn,PrestaShop
http://spacenet.tn,PrestaShop
http://splendide-gold.tn,PrestaShop
http://stc-chaffoteaux.com,PrestaShop
http://sunantipasti.com,PrestaShop
http://sunmedia.tn,PrestaShop
http://swop-trade.tn,PrestaShop
http://t-s-s.com.tn,PrestaShop
http://takacim.com.tn,PrestaShop
http://taktek.com.tn,PrestaShop
http://talos.tn,PrestaShop
http://tast.tn,PrestaShop
http://tbi.tn,PrestaShop
http://tdiscount.tn,WordPress
http://tictaac.tn,PrestaShop
http://tiss.com.tn,PrestaShop
http://titou.tn,PrestaShop
http://tom.center,PrestaShop
http://toner.tn,PrestaShop
http://toopty.net,PrestaShop
http://topara.tn,PrestaShop
http://topoliva.com,PrestaShop
http://toupackgroup.com,PrestaShop
http://truedeal.tn,PrestaShop
http://tryandbuy.tn,PrestaShop
http://tunisianet.com.tn,PrestaShop
http://tunisiatech.tn,PrestaShop
http://tunisie-matelas.tn,PrestaShop
http://tuntek.tn,PrestaShop
http://tuttosport.com.tn,PrestaShop
http://unimetal.tn,PrestaShop
http://universmedical.com.tn,PrestaShop
http://universmedical.tn,PrestaShop
http://valandre.com,PrestaShop
http://varat-tunisie.com,PrestaShop
http://veronatunisie.tn,PrestaShop
http://vidange.tn,PrestaShop
http://vitalemedicale.com.tn,PrestaShop
http://vongo.tn,PrestaShop
http://workman-stid.com,WordPress
http://workman.tn,WordPress
http://xpressauto.com.tn,PrestaShop
http://yves-rocher.tn,PrestaShop
http://yvesrocher.tn,PrestaShop
http://zimota-motor.tn,PrestaShop
http://zimota-sport.tn,PrestaShop
http://zoom.com.tn,PrestaShop
http://hummel.tn,PrestaShop
http://humus-biotech.com,WordPress
http://hutchinson.fr,Drupal
http://huxium.io,WordPress
http://hydraucom.tn,WordPress
http://hydroclim.tn,WordPress
http://hydroelec-tn.com,WordPress
http://hydroflow.tn,WordPress
http://hydromac.tn,WordPress
http://hydromax.tn,WordPress
http://hydrosolfondations.com.tn,Drupal
http://hygiene.tn,PrestaShop
http://hygieneplus.tn,WordPress
http://hyper.tn,WordPress
http://hypergroup.com.tn,WordPress
http://hypermedia.com.tn,WordPress
http://hypro.tn,WordPress
http://hyundai.com.tn,WordPress
http://hyundai.tn,WordPress
http://i-maginevents.com,WordPress
http://i-techrity.tn,WordPress
http://i2a-conseil.com,WordPress
http://i3c.com.tn,PrestaShop
http://i3t.com.tn,WordPress
http://i4net.tn,WordPress
http://iace.tn,WordPress
http://iasconsulting.com.tn,WordPress
http://iassist.tn,PrestaShop
http://ibcomprod.com,WordPress
http://iblog.tn,WordPress
http://ibnhayyan.tn,WordPress
http://ibrandtunisia.tn,WordPress
http://ibs-outsourcing.com,PrestaShop
http://ibsoft.com.tn,WordPress
http://ibsolutions.com.tn,WordPress
http://icac.tn,WordPress
http://icamem.tn,WordPress
http://ice-exchange.tn,WordPress
http://icebergagency-tunisie.com.tn,WordPress
http://icejcom.com,WordPress
http://ichriwirbah.tn,PrestaShop
http://icom.tn,WordPress
http://icompass.tn,WordPress
http://iconconcept.com,WordPress
http://iconsulting.tn,WordPress
http://icp-env.com,WordPress
http://ict-mediterranea.com,WordPress
http://ict.com.tn,WordPress
http://id-grco.com,WordPress
http://id2softwaresolutions.com.tn,PrestaShop
http://idara.tn,WordPress
http://idc.com.tn,WordPress
http://iddeco.info,WordPress
http://idea.com.tn,WordPress
http://ideaconsult.com.tn,WordPress
http://ideal-sanitaire.com,WordPress
http://idealbatiment.com,WordPress
http://idealconception.com,PrestaShop
http://idealcuisine.com.tn,WordPress
http://ideale-eau.com.tn,WordPress
http://idealshop.tn,PrestaShop
http://ideaporta.it,WordPress
http://idee.com.tn,WordPress
http://ideekor.tn,WordPress
http://idrak.tn,PrestaShop
http://ids-tunisie.com.tn,WordPress
http://idvey.com,WordPress
http://ie.com.tn,WordPress
http://iecsolutionstunisia.com,WordPress
http://ieee.tn,WordPress
http://ifbt.tn,WordPress
http://ifc.com.tn,WordPress
http://ifetunisia.com,WordPress
http://iffco.com,WordPress
http://ific.auf.org,WordPress
http://ifid.org.tn,PrestaShop
http://iga-immobiliere.com,WordPress
http://igd-tunisie.com,WordPress
http://ige.com.tn,WordPress
http://ignite-digital.net,WordPress
http://igppp.tn,Drupal
http://ihec.rnu.tn,Drupal
http://ihes.ens.tn,Drupal
http://ihet.ens.tn,WordPress
http://iit.tn,WordPress
http://ikigai.tn,WordPress
http://ikitchen.com.tn,WordPress
http://ilededjerba.tn,WordPress
http://illuminance.tn,WordPress
http://im.com.tn,WordPress
http://imageactions.com,WordPress
http://imbertmnif.com,WordPress
http://imc-tn.tn,PrestaShop
http://imec.com.tn,WordPress
http://imedias.pro,WordPress
http://imen-ammari.tn,WordPress
http://imfmm.tn,PrestaShop
http://img.tn,WordPress
http://iminfo.tn,WordPress
http://immo-titane.tn,WordPress
http://immo-yassine.com,WordPress
http://immoavenue.tn,WordPress
http://immobiliere-bouattour.com,WordPress
http://immobiliere-nour-ennasr.com,WordPress
http://immobilierebenhassine.com.tn,WordPress
http://immobilierebenhassine.tn,WordPress
http://immoconseil.tn,WordPress
http://immoneuf.tn,WordPress
http://immotunisie.com.tn,WordPress
http://immunologie.org.tn,WordPress
http://impact-driver.com,WordPress
http://impactnutrition.com.tn,WordPress
http://impacts-digital.com,WordPress
http://imprimerie-edichem.com,WordPress
http://imprimerie-tunisie.tn,WordPress
http://imprimerietunisie.tn,WordPress
http://imsdiscount.tn,WordPress
http://imset.ens.tn,WordPress
http://imt-tunisie.com,WordPress
http://imtithal.com,WordPress
http://inbox.tn,WordPress
http://incept.tn,PrestaShop
http://inceptio.tn,WordPress
http://inceptumje.tn,WordPress
http://industryx0.pro,WordPress
http://ineas.tn,Drupal
http://inesnasri.com,WordPress
http://infirst.tn,WordPress
http://info-gerance.com,WordPress
http://info2000.tn,WordPress
http://infocert.digital,WordPress
http://infoliterie.com,WordPress
http://infonet.com.tn,WordPress
http://infonet.tn,WordPress
http://infoone.com.tn,PrestaShop
http://informatica.tn,WordPress
http://informatiquedesign.com,PrestaShop
http://infoservices.tn,PrestaShop
http://infosoft.tn,WordPress
http://infotec.tn,WordPress
http://infotike.com,WordPress
http://ingeniusit.com,WordPress
http://ingerop.fr,WordPress
http://innosys.tech,WordPress
http://innovi.tn,WordPress
http://innovision.tn,WordPress
http://inoplast.com.tn,WordPress
http://inoplast.tn,WordPress
http://inoxmed.tn,PrestaShop
http://inp2020.tn,WordPress
http://inpackt.com,WordPress
http://inrits.tech,WordPress
http://ins.tn,Drupal
http://insatpress.tn,WordPress
http://insighttelematics.tn,WordPress
http://insomea.tn,WordPress
http://instantcafe.com.tn,WordPress
http://institutdenutrition.rns.tn,Drupal
http://int.com.tn,PrestaShop
http://intac-edu.com,WordPress
http://intecointernationalconsulting.com,WordPress
http://integrationobjects.com,WordPress
http://intellect-core-advisory-and-solutions.com,WordPress
http://intelligentsia.tn,WordPress
http://intellitech.pro,WordPress
http://inter-certification.com,WordPress
http://interact.tn,WordPress
http://interactiagency.com,WordPress
http://interbusiness.com.tn,PrestaShop
http://intercolor.com.tn,WordPress
http://interdecor.tn,WordPress
http://intergraphik.com,WordPress
http://interieurs.com.tn,PrestaShop
http://interior.tn,WordPress
http://intermetal.com.tn,PrestaShop
http://intertechnique.com.tn,WordPress
http://intertek.com,PrestaShop
http://interxnets.com,WordPress
http://intigo.tn,WordPress
http://intilaq.tn,WordPress
http://intt-info-conso.tn,WordPress
http://invest-in-kef.tn,WordPress
http://investinzarzis.tn,WordPress
http://iones.io,WordPress
http://iosfax.agrinet.tn,PrestaShop
http://iovision.tn,WordPress
http://ip-soft.tn,WordPress
http://ipalpex.com,WordPress
http://ipeis.rnu.tn,PrestaShop
http://ipixelp.com,WordPress
http://ipsas-ens.net,WordPress
http://irada.com.tn,WordPress
http://iradaconsulting.com,WordPress
http://iram-tunisie.com,WordPress
http://iresa.agrinet.tn,WordPress
http://iresa.tn,WordPress
http://iris-confection.com.tn,PrestaShop
http://irn.com.tn,WordPress
http://irt.com.tn,WordPress
http://irvt.agrinet.tn,PrestaShop
http://isa2m.rnu.tn,PrestaShop
http://isaca-tunisie.org,WordPress
http://isad.rnu.tn,WordPress
http://isajc.rnu.tn,WordPress
http://isamsl.rnu.tn,Drupal
http://isbm.rnu.tn,Drupal
http://isbs.rnu.tn,PrestaShop
http://isc.tn,WordPress
http://iscenf.rnu.tn,WordPress
http://isci.rnu.tn,Drupal
http://isd.rnu.tn,PrestaShop
http://iseahz.rnu.tn,WordPress
http://ises-numerique.tn,PrestaShop
http://iset.uvt.tn,Drupal
http://isetb.rnu.tn,PrestaShop
http://isetbz.rnu.tn,PrestaShop
http://isetj.rnu.tn,PrestaShop
http://isetke.rnu.tn,PrestaShop
http://isetkf.rnu.tn,PrestaShop
http://isetkh.rnu.tn,PrestaShop
http://isetsl.rnu.tn,PrestaShop
http://isetzg.rnu.tn,PrestaShop
http://isffs.rnu.tn,PrestaShop
http://isg.rnu.tn,PrestaShop
http://isggb.rnu.tn,PrestaShop
http://isgis.rnu.tn,Drupal
http://isi.com.tn,WordPress
http://isi.rnu.tn,WordPress
http://isikef.rnu.tn,Drupal
http://isima.rnu.tn,Drupal
http://islaib.rnu.tn,Drupal
http://islam.com.tn,WordPress
http://islamentunisie.com,WordPress
http://islt.rnu.tn,WordPress
http://ismmm.rnu.tn,WordPress
http://isolmax.com,WordPress
http://isolmetal.com,WordPress
http://isomat.tn,WordPress
http://issatkas.rnu.tn,WordPress
http://isshj.rnu.tn,Drupal
http://isshm.rnu.tn,PrestaShop
http://issig.rnu.tn,PrestaShop
http://isstegb.rnu.tn,WordPress
http://isth.rnu.tn,Drupal
http://istisharat-consulting.com,WordPress
http://istmt.rnu.tn,WordPress
http://it-cybersec.expert,WordPress
http://it-empower.com,WordPress
http://it-engineering.xyz,WordPress
http://it-services.com.tn,WordPress
http://it-tunisie.tn,WordPress
http://itac.com.tn,WordPress
http://italcar-sa.tn,WordPress
http://itam-innovation.tn,WordPress
http://itb.com.tn,WordPress
http://itbs.tn,WordPress
http://ite.digital,WordPress
http://ite.tn,WordPress
http://iteam-univ.tn,WordPress
http://itech.tn,PrestaShop
http://itechstore.tn,PrestaShop
http://itempire-group.com,WordPress
http://itgate-group.com,WordPress
http://itgirl.tn,WordPress
http://itgrapes.com,WordPress
http://ith-co.com,WordPress
http://iti.com.tn,WordPress
http://itm.com.tn,WordPress
http://itmanager.tn,WordPress
http://itpeac.com,PrestaShop
http://itrend.tn,WordPress
http://itschool.tn,PrestaShop
http://itserv.com.tn,WordPress
http://itserv.tn,WordPress
http://itsolution-tn.com,PrestaShop
http://itsupport.tn,WordPress
http://iware.info,WordPress
http://iwatch.tn,PrestaShop
http://iziweb.tn,WordPress
http://j2geek.com,WordPress
http://jacaranda.com.tn,PrestaShop
http://jade-advisory.com,WordPress
http://jaouhara.com.tn,WordPress
http://jean-racine.tn,WordPress
http://jecrollers.com,WordPress
http://jektis.com,PrestaShop
http://jennah.com,WordPress
http://jetco.tn,WordPress
http://jetmultimedia.tn,WordPress
http://jeunesleaders.tn,WordPress
http://jeunesse-sport.tn,PrestaShop
http://jeunesse.tn,PrestaShop
http://jewbos.tn,WordPress
http://jfara-fm.tn,WordPress
http://jm-assistance.com,WordPress
http://jmb.com.tn,WordPress
http://jmc.tn,WordPress
http://jms-flexible.com,WordPress
http://joaillerie-larous.com.tn,PrestaShop
http://joeas.tn,WordPress
http://joielire.tn,WordPress
http://joliesse.com.tn,PrestaShop
http://jouda.com.tn,Drupal
http://jouet.tn,WordPress
http://journalb2b.com,WordPress
http://journalistesfaxien.tn,WordPress
http://joussour-media.tn,WordPress
http://jsf.tn,WordPress
http://jtc.tn,WordPress
http://judy.com.tn,WordPress
http://judy.tn,WordPress
http://junioroutlet.tn,PrestaShop
http://jurisaffaires.tn,WordPress
http://jurisitetunisie.com,PrestaShop
http://jusfrais.tn,WordPress
http://just-ask.tn,WordPress
http://justech.tn,WordPress
http://justedit.tn,WordPress
http://kacem-electronic.com,PrestaShop
http://kahimm.com,WordPress
http://kaiserconsulting.tn,WordPress
http://kamar.com.tn,WordPress
http://kantech-solutions.fr,WordPress
http://kara.tn,PrestaShop
http://karim.tn,WordPress
http://karray-group.com,WordPress
http://karray-olivewood.com,PrestaShop
http://kartagodattes.tn,WordPress
http://kaspersky.tn,PrestaShop
http://kazan.tn,WordPress
http://kbosolution.com,WordPress
http://kbp.tn,WordPress
http://kbs-consulting.com.tn,WordPress
http://kdetechnologies.com,WordPress
http://kerkeni.tn,Drupal
http://key-consulting.net,Drupal
http://keydecision.tn,WordPress
http://keysoftwares.com,WordPress
http://keystone.tn,WordPress
http://kfandpartners.com,WordPress
http://kfc.com.tn,PrestaShop
http://khadraouitek.tn,PrestaShop
http://khalifa.tn,WordPress
http://kharjet.tn,WordPress
http://khedma.tn,PrestaShop
http://khrouf.com,PrestaShop
http://kia.tn,Drupal
http://kidzy.tn,WordPress
http://kimiburg.com,WordPress
http://kindlypear.com,WordPress
http://kinefit.tn,WordPress
http://kings.tn,WordPress
http://kitchenaid-shop.tn,WordPress
http://klarrion.com,WordPress
http://kleos.tn,WordPress
http://klink.tn,WordPress
http://klmanagement.fr,WordPress
http://kmar.tn,WordPress
http://kmartravel.com,PrestaShop
http://kobold.com,PrestaShop
http://kobox.tn,WordPress
http://konfimark.tn,WordPress
http://koolair.com,WordPress
http://koora24.tn,Drupal
http://korsi.tn,WordPress
http://koubaa.net,WordPress
http://koworkstation.com,WordPress
http://krea-lead.com,WordPress
http://kreazus.com,WordPress
http://ksgreenhouse.com.my,WordPress
http://ksi.com,WordPress
http://ksi.tn,WordPress
http://kss-protection.tn,WordPress
http://ktconsulting.info,WordPress
http://ktipnkf.cluster028.hosting.ovh.net,WordPress
http://kuriat-tn.com,WordPress
http://kwartz.tn,WordPress
http://kyranislogistics.com,WordPress
http://kzcosmetics.tn,WordPress
http://l-2t.com,WordPress
http://l2t.tn,WordPress
http://la-femme.tn,WordPress
http://la-maisonnette.net,PrestaShop
http://lab-eurosud.com,WordPress
http://lab-it.tn,WordPress
http://labadira.com,WordPress
http://labasni.com,WordPress
http://labess.tn,WordPress
http://labo-benyoussef.tn,WordPress
http://labrosse.tn,WordPress
http://lacasadecoco.tn,WordPress
http://lachiheb.tn,WordPress
http://lacouronne.tn,WordPress
http://lafete.tn,PrestaShop
http://lafirma.tn,WordPress
http://lafrenchtech-tunis.com,WordPress
http://lagora.tn,WordPress
http://lagriffe.com,WordPress
http://lahmar-ascenseurs.com,WordPress
http://lai.com.tn,WordPress
http://lajnef.tn,WordPress
http://lamaison-restaurant.com,WordPress
http://lamaison.tn,PrestaShop
http://lamjed.tn,WordPress
http://lamode.tn,PrestaShop
http://lamoquetteetdecor.com,PrestaShop
http://lamouchi.tn,WordPress
http://lanation.tn,WordPress
http://lapiscine.tn,WordPress
http://lapresse.tn,WordPress
http://lapub.tn,WordPress
http://lareine.com.tn,PrestaShop
http://lart-du-meuble.tn,PrestaShop
http://lasergame-evolution.tn,WordPress
http://lastpricetunisie.tn,PrestaShop
http://layanatours.tn,PrestaShop
http://lbs.tn,WordPress
http://lci.com.tn,WordPress
http://lci.tn,PrestaShop
http://le-meuble.net,Drupal
http://lead.org.tn,WordPress
http://leblanmarine.com,PrestaShop
http://lebondeal.tn,WordPress
http://lecadeau.tn,WordPress
http://lechef.tn,WordPress
http://leclub.tn,WordPress
http://lecnt.com,PrestaShop
http://lecoin-immobilier.com,WordPress
http://lecoinpara.tn,WordPress
http://lecourrierdelatlas.com,WordPress
http://lecspartners.com,WordPress
http://legislation-securite.tn,WordPress
http://legourmet.tn,WordPress
http://lemall.tn,PrestaShop
http://leman-industrie.com,WordPress
http://lemateriel.tn,WordPress
http://lemediterranee.com.tn,WordPress
http://lemeilleur.tn,WordPress
http://lemeilleuravis.com,WordPress
http://lemnara.tn,WordPress
http://lepalaisdesrideaux.tn,WordPress
http://lepalaisdurotin.com,WordPress
http://lepidor.com.tn,WordPress
http://leplus.tn,WordPress
http://leportail.tn,WordPress
http://lequotidien.tn,WordPress
http://lerdvmedical.tn,WordPress
http://lesagendas.tn,WordPress
http://lescatalogues.tn,WordPress
http://lescliniqueselmanar.com,WordPress
http://leselites.tn,WordPress
http://lesessentielleslab.com.tn,WordPress
http://lesportif.com.tn,PrestaShop
http://lesprix.tn,WordPress
http://lesultan.com,WordPress
http://letaff.com,WordPress
http://letspave.com,WordPress
http://levolet.com,WordPress
http://lexi.tn,Drupal
http://leymax.com,WordPress
http://lezarts.digital,WordPress
http://lezenith.tn,WordPress
http://lgd.com.tn,WordPress
http://lh-school.tn,WordPress
http://liber-ta-com.com,WordPress
http://librairielecolier.tn,WordPress
http://libris.com.tn,PrestaShop
http://lidikpromo.tn,WordPress
http://lifepara.tn,WordPress
http://lifttraining.com,WordPress
http://liliabenaziza.tn,WordPress
http://lin.com.tn,WordPress
http://linda-esthetique.com,WordPress
http://lineupgraphic.fr,WordPress
http://linificio.it,WordPress
http://linkin-way.com,WordPress
http://linksidestechnologie.com,WordPress
http://linstant-m.tn,WordPress
http://liqui-moly.de,Drupal
http://live-metrics.io,WordPress
http://livraison.carrefourtunisie.com,PrestaShop
http://lloyd.com.tn,WordPress
http://llt-group.com,WordPress
http://lma.tn,WordPress
http://lms.tn,PrestaShop
http://lmt.tn,WordPress
http://lnfpro.tn,WordPress
http://locationvoiturestunisie.com,WordPress
http://logement.com.tn,WordPress
http://logiclab.tn,WordPress
http://logidel.tn,WordPress
http://logshipping.net,WordPress
http://loop.tn,PrestaShop
http://looyas.com,WordPress
http://lorensy.tn,WordPress
http://lotoshotel.tn,WordPress
http://lovelearning.tn,WordPress
http://ltdh.tn,WordPress
http://luminaire.tn,WordPress
http://lunivers-info.com.tn,PrestaShop
http://lvs.com.tn,WordPress
http://lycamobile.tn,WordPress
http://lyceeleselites.tn,WordPress
http://lynkbooster.com,WordPress
http://lyoum.tn,PrestaShop
http://m-callcenter.com,WordPress
http://m3s.com.tn,WordPress
http://mab.com.tn,PrestaShop
http://mabapost.tn,WordPress
http://maboite2com.net,WordPress
http://mabrouktours.com.tn,PrestaShop
http://macbureau.tn,WordPress
http://machroat.tn,WordPress
http://macintosh.com.tn,WordPress
http://macs.tn,WordPress
http://macuisine.com.tn,WordPress
http://mad.com.tn,WordPress
http://madame.tn,WordPress
http://madoucenature.tn,WordPress
http://madrassatii.com,WordPress
http://madrassatii.tn,Drupal
http://mae.tn,Drupal
http://mag-optic.com,PrestaShop
http://magesypro.com,WordPress
http://maghrebcooling.com,WordPress
http://maghrebcycles.tn,PrestaShop
http://magicbox.tn,WordPress
http://magicube.tn,WordPress
http://magikgames.tn,PrestaShop
http://magiline.com,WordPress
http://magma-studio.tn,WordPress
http://maisondesenteurs.tn,PrestaShop
http://maisonetlumieres.tn,WordPress
http://maisonnature.tn,WordPress
http://maisonturki.tn,WordPress
http://majesteye.com,WordPress
http://majles.marsad.tn,PrestaShop
http://majustic.com,WordPress
http://makita.com.tn,PrestaShop
http://makos.tn,PrestaShop
http://mami.tn,PrestaShop
http://managers.tn,WordPress
http://manarthon.com,WordPress
http://mangeonsbien.com,WordPress
http://manouba.tn,WordPress
http://mantunisie.tn,WordPress
http://manysports.tn,WordPress
http://map.com.tn,WordPress
http://maparatunisie.tn,WordPress
http://mapedstore.tn,WordPress
http://mapiscine.tn,WordPress
http://marhabahotels.tn,WordPress
http://mariage-prestige.com.tn,WordPress
http://mariageatoutprix.com,WordPress
http://markedia.com.tn,WordPress
http://market-me.io,WordPress
http://market360degrees.com,WordPress
http://maryouli.tn,WordPress
http://mas-tunisie.com.tn,WordPress
http://masdox.com,WordPress
http://masleevetunisie.com,WordPress
http://masmoudi-distribution.com,PrestaShop
http://mastercom-tn.com,WordPress
http://mastere.tn,WordPress
http://mastex-rubans.com.tn,WordPress
http://mat-it.agency,Drupal
http://mat-it.tech,Drupal
http://matchz-media.tn,WordPress
http://mateb.tn,WordPress
http://matech-tn.com,WordPress
http://matelas.com.tn,WordPress
http://matelas.tn,WordPress
http://materna.tn,PrestaShop
http://math-universe.com,WordPress
http://matineconsulting.com,WordPress
http://matlab-recognition-code.com,WordPress
http://maven-side.com,WordPress
http://mavilla.tn,WordPress
http://max-protect.com,PrestaShop
http://maximarket.tn,WordPress
http://maxprotection.com.tn,WordPress
http://maxprotection.tn,WordPress
http://maxweb-tunisie.com,WordPress
http://maxwork.com.tn,WordPress
http://mazartravel.com,PrestaShop
http://mazribookstore.tn,PrestaShop
http://mba.uqam.ca,WordPress
http://mbaconsulting.tn,WordPress
http://mbbinfo.com,WordPress
http://mbdesign-tn.com,WordPress
http://mbgindustry.com,WordPress
http://mbjgroup.tn,WordPress
http://mbm-tn.com,PrestaShop
http://mbm.com,PrestaShop
http://mbsmgroup.tn,WordPress
http://mcatunisie.com,WordPress
http://mcd-tunisie.com,PrestaShop
http://mcom.store,WordPress
http://mconsulting.tn,WordPress
http://mcpharma.com.tn,WordPress
http://mcube.tn,PrestaShop
http://mdc.tn,WordPress
http://mdid.tn,WordPress
http://mdnatur.tn,PrestaShop
http://mdo-sa.tn,PrestaShop
http://mds-group.tn,WordPress
http://mechergui.tn,WordPress
http://medassistance.com.tn,WordPress
http://medclim.tn,WordPress
http://meddkol.com,WordPress
http://medecine-esthetique.tn,WordPress
http://medfactor.com.tn,WordPress
http://mediaformation.tn,WordPress
http://mediaplustn.com,WordPress
http://mediarentacar.com,WordPress
http://mediascantunisie.com.tn,WordPress
http://mediateur.tn,WordPress
http://mediavision.tn,PrestaShop
http://medical-contact.net,PrestaShop
http://medical-plus.tn,WordPress
http://medicalevents.tn,WordPress
http://medicalplus.tn,WordPress
http://medicalworldcompany.tn,PrestaShop
http://medicmultiservices.com,WordPress
http://medicoconsult.tn,WordPress
http://medicus.tn,WordPress
http://medilinkfls.com,WordPress
http://medioxygene.com,WordPress
http://medis.com.tn,Drupal
http://medivet.com.tn,WordPress
http://medlife.tn,WordPress
http://medlight.com.tn,WordPress
http://medora.tn,WordPress
http://medpack.com.tn,WordPress
http://medpro-services.com,WordPress
http://medrassatouna.com,WordPress
http://medship.com.tn,WordPress
http://medtech.tn,PrestaShop
http://medtour.tn,WordPress
http://mega.com.tn,WordPress
http://megasoft.com.tn,WordPress
http://megasofterp.com,WordPress
http://megasystems.com.tn,PrestaShop
http://mehat.gov.tn,WordPress
http://meherjebali.tn,Drupal
http://meilleur-soin.com,WordPress
http://meinettoyage.com,WordPress
http://mem.com.tn,WordPress
http://mendole.com,WordPress
http://menzili.tn,WordPress
http://mercarue.com,WordPress
http://mercedes-benz.tn,PrestaShop
http://meriah.com.tn,PrestaShop
http://mestiri-pesage.com.tn,WordPress
http://metabuzz-agence.com,WordPress
http://metalindus.com,WordPress
http://metalplast.com.tn,WordPress
http://metapro.tn,PrestaShop
http://metis-consulting.tn,WordPress
http://metras.tech,WordPress
http://meubledeco.com.tn,WordPress
http://meublesmezghani.com,WordPress
http://mezoughi-group.tn,WordPress
http://mfcpole.com.tn,PrestaShop
http://mfitunisia.com,WordPress
http://mgert.tn,WordPress
http://miama.com.tn,WordPress
http://microblading.tn,WordPress
http://microcred.tn,WordPress
http://micromedia.tn,PrestaShop
http://microscope.tn,WordPress
http://mignonne.tn,WordPress
http://milleworld.com,WordPress
http://mind.hosting,PrestaShop
http://mindset.tn,WordPress
http://mintit.io,WordPress
http://mips.com.tn,PrestaShop
http://miravella.tn,WordPress
http://misfat.com.tn,WordPress
http://mission-excellence.com.tn,WordPress
http://mistore.com.tn,WordPress
http://mit-polytech.tn,PrestaShop
http://mitunisia.com,WordPress
http://miyado-cuisine.tn,WordPress
http://mjs.tn,PrestaShop
http://mkgconcept.net,WordPress
http://mkgconsulting.com.tn,WordPress
http://mliha.com,WordPress
http://mlm-sa.com,WordPress
http://mmi-groupe.tn,WordPress
http://mms.tn,WordPress
http://mmsi.tn,WordPress
http://mnihlamarbre.com,WordPress
http://mobiserveholding.com,WordPress
http://mobitecno.tn,WordPress
http://modaadel.tn,PrestaShop
http://modeco.tn,PrestaShop
http://moderna.tn,WordPress
http://moderne.tn,WordPress
http://moderneformation.tn,WordPress
http://modernemetalint.com,Drupal
http://mohamedkrifa.com,WordPress
http://mohamedmasmoudi.net,WordPress
http://mohsenabid.tn,WordPress
http://moline.com.tn,WordPress
http://mon-bac.net,WordPress
http://monastirfilms.com,WordPress
http://moncatalogue.tn,WordPress
http://mondeco.tn,WordPress
http://mondo-vip.com,PrestaShop
http://mondocteur.tn,WordPress
http://monetics-services-solutions.com,Drupal
http://monocommerce.tn,PrestaShop
http://montblanc-electromenager.com,WordPress
http://montessori-school.tn,WordPress
http://montures.tn,WordPress
http://moon.tn,WordPress
http://moondates.com.tn,WordPress
http://moov-agency.com,WordPress
http://mosaique-ingenierie.com,WordPress
http://mosmode.it,WordPress
http://motors.tn,WordPress
http://mpbs.com.tn,WordPress
http://mpec.tn,WordPress
http://mpr-auto.com,WordPress
http://mps-pub.tn,WordPress
http://mpshop.tn,PrestaShop
http://mpsoft-tn.com,WordPress
http://mpsoftgroup.com,WordPress
http://mramma.tn,Drupal
http://msb-online.org,WordPress
http://msb.tn,PrestaShop
http://msbtunisia.com,WordPress
http://msbuilding.tn,WordPress
http://msei.tn,WordPress
http://msky-consult.com,WordPress
http://msolution.fr,WordPress
http://mspro.tn,WordPress
http://mss.tn,WordPress
http://mssd-tunisie.com,WordPress
http://mssolutions-group.com,Drupal
http://mtc-hc.com.tn,WordPress
http://mts.com.tn,PrestaShop
http://mtsplus.tn,PrestaShop
http://mtt-tn.com,WordPress
http://mtt.tn,WordPress
http://multicar.tn,WordPress
http://multicomputerservices.com,PrestaShop
http://multisales.tn,PrestaShop
http://musculation.tn,WordPress
http://muse-agency.net,WordPress
http://museumlab.tn,WordPress
http://musicien.tn,WordPress
http://musicplus.tn,PrestaShop
http://my-gym.tn,WordPress
http://my.sjr.tn,WordPress
http://mycase.tn,WordPress
http://mycoiff.tn,WordPress
http://mydeco.tn,WordPress
http://mygym.tn,WordPress
http://myhotel.tn,PrestaShop
http://mykenz.net,PrestaShop
http://mykenza.tn,WordPress
http://mylaundry.tn,WordPress
http://mynds-team.com,WordPress
http://myopendigital.com,WordPress
http://mypara.tn,WordPress
http://mypets.tn,PrestaShop
http://myprestastore.com,WordPress
http://mysms.tn,WordPress
http://myvoip-tic.com,PrestaShop
http://nabeul.gov.tn,WordPress
http://nactis.fr,WordPress
http://nadec.tn,WordPress
http://nadhif.tn,WordPress
http://namlatech.com,WordPress
http://nasr.com.tn,WordPress
http://natech-training.com,WordPress
http://naturalpharma.com.tn,WordPress
http://nature.tn,WordPress
http://navisoft.tn,WordPress
http://navitrends.com,WordPress
http://naxosadvertising.com,WordPress
http://nbmetal.tn,WordPress
http://nbtop.com.tn,PrestaShop
http://ncis.tn,WordPress
http://nefzaoui.tn,WordPress
http://neoledge.com,WordPress
http://neolians.com,WordPress
http://neomed.tn,WordPress
http://neosourcia.com,WordPress
http://neovital.com.tn,WordPress
http://neoweb.tn,WordPress
http://nermine.tn,WordPress
http://netcom.tn,WordPress
http://netcreations.tn,WordPress
http://netglass.tn,WordPress
http://netmarketing.com.tn,WordPress
http://netsharek.tn,Drupal
http://neuronemedias.pro,WordPress
http://new-media.tn,WordPress
http://newaudience.net,WordPress
http://newmedica.tn,WordPress
http://newpharma.tn,WordPress
http://newrest.eu,WordPress
http://news.gnet.tn,WordPress
http://newsmag.tn,WordPress
http://newspace.com,WordPress
http://newsplus.tn,WordPress
http://newtechnology.tn,WordPress
http://next-informatique.com,WordPress
http://nextfiles.tn,WordPress
http://nextira.tn,WordPress
http://nextit.tn,WordPress
http://nextrip.tn,PrestaShop
http://nexuscontactcenter.com,WordPress
http://nexusgroupe.com,WordPress
http://nf-instrumentation.com.tn,Drupal
http://ng-multimedia.tn,WordPress
http://ng-sign.com,WordPress
http://ngi.tn,WordPress
http://ngp.com.tn,WordPress
http://ngtechnologies.tn,WordPress
http://nidouillet.com,WordPress
http://niinacommunications.com,WordPress
http://nimr.com.tn,WordPress
http://nis.tn,WordPress
http://nmp.tn,WordPress
http://nolanplastica.it,WordPress
http://nom.tn,WordPress
http://nordicbranch.com,WordPress
http://notaires.tn,WordPress
http://notreferme.com,WordPress
http://nour-elain.tn,WordPress
http://nouvameq.com,WordPress
http://novabat.com.tn,WordPress
http://novahoster.tn,WordPress
http://novaplex.tn,WordPress
http://novaprint.tn,WordPress
http://novatek.com.tn,WordPress
http://novatis.tn,WordPress
http://novavision-it.com,WordPress
http://novonordisk.tn,Drupal
http://novyc.com,WordPress
http://nowaystudio.com,WordPress
http://nr.tn,WordPress
http://ntconsulting.tn,WordPress
http://ntech.tn,WordPress
http://ntis.com.tn,WordPress
http://nuk.tn,WordPress
http://null48.net,WordPress
http://numedia.tn,PrestaShop
http://nutridiet.tn,WordPress
http://o10.tn,WordPress
http://o2splus.com.tn,WordPress
http://oak-visuals.com,WordPress
http://oat.com.tn,WordPress
http://oba.tn,PrestaShop
http://ocg.tn,WordPress
http://oct.gov.tn,Drupal
http://octasoft.com.tn,WordPress
http://octave.tn,WordPress
http://octogo.tn,WordPress
http://odco.nat.tn,WordPress
http://odd.tn,WordPress
http://odelit.tn,WordPress
http://odno.nat.tn,WordPress
http://oect.org.tn,WordPress
http://ofarcy.net,WordPress
http://officent.co,WordPress
http://officeopro.com,WordPress
http://officia.tn,WordPress
http://offre-emploi.tn,WordPress
http://ogim.tn,Drupal
http://oia-tn.com,WordPress
http://oist.tn,WordPress
http://okbyindustrie.com,WordPress
http://oktunisia.com,PrestaShop
http://okytane.tn,WordPress
http://oleaimmobiliere.com,Drupal
http://oliva-erp.com,WordPress
http://olivecarving.tn,PrestaShop
http://oliveoiltunisia.com,WordPress
http://olmj.tn,WordPress
http://oloventic.com,WordPress
http://olpme.edunet.tn,PrestaShop
http://olympiacompany.com,WordPress
http://olympictunisia.com.tn,WordPress
http://om-paysage.com,WordPress
http://omar.tn,WordPress
http://omiz.com.tn,WordPress
http://ommp.nat.tn,WordPress
http://omra.tta.tn,WordPress
http://omranestate.com,PrestaShop
http://onamangepourvous.tn,WordPress
http://ondesetlumiere.tn,WordPress
http://one-webmarketing.com,WordPress
http://oneclick.com.tn,WordPress
http://oneteam.tn,WordPress
http://online-vip-consulting.com,WordPress
http://onlyinfluence.com,WordPress
http://onlytech.tn,WordPress
http://onpc.nat.tn,PrestaShop
http://ons-sport.tn,WordPress
http://oodrive.com,WordPress
http://ooredoo.tn,PrestaShop
http://opac.tn,WordPress
http://opaliapharma.com.tn,WordPress
http://openeyesconsulting.com,WordPress
http://openfab.tn,WordPress
http://openmosques.tn,WordPress
http://optima-electrique.com.tn,WordPress
http://optima-ingenierie.com.tn,WordPress
http://optimus-training.tn,WordPress
http://oradist.com.tn,WordPress
http://orangefab.tn,WordPress
http://orangetech.com.tn,WordPress
http://orbitsolutions.tn,WordPress
http://orbystem.com,WordPress
http://orchidea.com.tn,WordPress
http://ordre-medecins.org.tn,WordPress
http://orea.tn,WordPress
http://orelservices.com,WordPress
http://orendaje.com,WordPress
http://orient.tn,WordPress
http://orthodontic-studio.tn,WordPress
http://orthodream.tn,WordPress
http://orthotechnique.tn,WordPress
http://osmose.tn,WordPress
http://otc.nat.tn,PrestaShop
http://otdav.tn,PrestaShop
http://ouerkema-innovation.com,WordPress
http://ouidev.fr,WordPress
http://ovc.tn,WordPress
http://ovh.com.tn,PrestaShop
http://ovh.tn,PrestaShop
http://ovscorp.net,WordPress
http://oxahost.tn,PrestaShop
http://oxiagroup.com,WordPress
http://oxtek.tn,PrestaShop
http://oxygene-fitness.tn,WordPress
http://oxywear.com.tn,PrestaShop
http://ozeol.com,WordPress
http://packgroup-tunisie.com,WordPress
http://packprint-tunisia.com.tn,WordPress
http://packtoo.tn,PrestaShop
http://paese.tn,PrestaShop
http://paftube.com,WordPress
http://pagesjaunes.com.tn,WordPress
http://paie-tunisie.com,PrestaShop
http://paillassestunisie.com,WordPress
http://palace.marhabahotels.tn,WordPress
http://palliser.tn,WordPress
http://palmazur.com.tn,WordPress
http://paltec.tn,WordPress
http://pampat.tn,WordPress
http://panda.tn,PrestaShop
http://pangealogistics.tn,WordPress
http://panneauxdumaghreb.com.tn,PrestaShop
http://pano-group.com,WordPress
http://papa.tn,WordPress
http://papajohns.tn,WordPress
http://para-boutik.tn,PrestaShop
http://para-pharma.tn,PrestaShop
http://paraclic.tn,PrestaShop
http://paradice.tn,Drupal
http://paradis-deco.tn,WordPress
http://paradis-immobilier.tn,WordPress
http://paradream.tn,WordPress
http://parafendri.tn,PrestaShop
http://parahouse.tn,PrestaShop
http://paraland.tn,PrestaShop
http://paramed.tn,WordPress
http://paranaturalia.tn,WordPress
http://paranet.tn,PrestaShop
http://parapharmacie.tn,WordPress
http://parapharmaciebardo.tn,WordPress
http://parapharmacieplus.tn,PrestaShop
http://parashop.tn,Drupal
http://paratamtam.com,PrestaShop
http://parhelionconseil.com,WordPress
http://parj.gov.tn,WordPress
http://partagili.com,WordPress
http://partner-proximity.com,Drupal
http://pastacosi.tn,WordPress
http://pasteur.tn,PrestaShop
http://patisserie-rekik.com,WordPress
http://patisserie-sakka.com,WordPress
http://pause-web.net,WordPress
http://pavedusud.com,WordPress
http://paycoin.tn,WordPress
http://paymee.tn,WordPress
http://pbx.tn,WordPress
http://pcc.tn,WordPress
http://pce.tn,WordPress
http://pcemballage.com,WordPress
http://pcs.tn,WordPress
http://peaksports.tn,PrestaShop
http://pepsagency.com,WordPress
http://perfecta-tn.com,WordPress
http://perfectbio.tn,WordPress
http://perfotec.tn,WordPress
http://perla-group.com.tn,WordPress
http://perlahome.tn,WordPress
http://permaflex.tn,WordPress
http://persovet.com,WordPress
http://petrochem.com.tn,WordPress
http://pgprotunisie.com,WordPress
http://pgs.com.tn,WordPress
http://pharma-shop.tn,PrestaShop
http://pharmacovigilance.rns.tn,Drupal
http://pharmaderm.net,WordPress
http://pharmanet.com.tn,WordPress
http://pharmanet.tn,PrestaShop
http://pharmascreen.tn,WordPress
http://pharmavie.com.tn,PrestaShop
http://phenixcom.com.tn,WordPress
http://phoneact.com,WordPress
http://phoneyear.com,WordPress
http://phoniemotors.com,WordPress
http://photographymag.tn,WordPress
http://photomart.tn,WordPress
http://pi-2r.com,PrestaShop
http://pi-ecampus.tn,Drupal
http://pi-opensource.tn,WordPress
http://pi.tn,WordPress
http://piccolo.tn,PrestaShop
http://picosoft.biz,WordPress
http://pifs.com.tn,WordPress
http://pifs.tn,WordPress
http://pileacom.fr,WordPress
http://pima.tn,PrestaShop
http://pip.tn,WordPress
http://piq.tn,WordPress
http://pireco.com.tn,PrestaShop
http://piscine.tn,WordPress
http://pixel.tn,WordPress
http://pixelpro-agency.com,WordPress
http://pixelstrade.com,WordPress
http://pkf.tn,PrestaShop
http://plan-b.com.tn,PrestaShop
http://planete-informatique.tn,WordPress
http://planetjob.tn,WordPress
http://planetvape.tn,PrestaShop
http://plantesinterieur.com,WordPress
http://plasteel.com.tn,WordPress
http://plasticexpo.com.tn,WordPress
http://plastiss.com,WordPress
http://platform.tn,PrestaShop
http://plaza-immo.com,WordPress
http://please.tn,WordPress
http://plerome-consulting.com,WordPress
http://plexiglas.tn,WordPress
http://plmsystems.net,WordPress
http://plus-consulting.net,WordPress
http://pmg.com.tn,WordPress
http://pneu-ssr.com.tn,PrestaShop
http://pocobaby.tn,WordPress
http://podiumsport.tn,WordPress
http://point-s.com.tn,Drupal
http://pointcarre.com.tn,WordPress
http://pointm.tn,PrestaShop
http://polegafsa.com.tn,WordPress
http://polosantabarbara.tn,PrestaShop
http://polyclinique-ibnkhaldoun.com.tn,WordPress
http://polyclinique-lac.com,WordPress
http://polyclinique-medina.com,WordPress
http://polycliniquelesjasmins.com,WordPress
http://polycliniqueplus.com,WordPress
http://polycoq.com,PrestaShop
http://polyelectric.com.tn,PrestaShop
http://polygarde.com.tn,WordPress
http://polyglot-digital.com,WordPress
http://polygold.tn,WordPress
http://polygom.com.tn,WordPress
http://polygone.com.tn,WordPress
http://polyjumbo.com,PrestaShop
http://polymed.tn,WordPress
http://polyplex.tn,PrestaShop
http://polytech-intl.tn,WordPress
http://polytechmonastir.tn,WordPress
http://polytechsousse.tn,WordPress
http://polytecsousse.tn,WordPress
http://polyvore.tn,WordPress
http://poolstar.tn,PrestaShop
http://portail-region-sidi-bouzid.tn,WordPress
http://portailculturel.tn,WordPress
http://portamento.tn,PrestaShop
http://porteneuve-immo.tn,PrestaShop
http://positivenergy.tn,WordPress
http://powertravelbooking.com,WordPress
http://prca.gov.tn,WordPress
http://premiere-consulting.tn,WordPress
http://premiere.tn,WordPress
http://presert.com,PrestaShop
http://pressingenligne.tn,WordPress
http://preventec.com.tn,WordPress
http://preventis.com.tn,WordPress
http://prfactory.com.tn,WordPress
http://primaqua.tn,WordPress
http://primarosa.tn,WordPress
http://print-ngo.com,PrestaShop
http://printhouse.tn,WordPress
http://printstudio.tn,WordPress
http://prismgroup.fr,WordPress
http://pro-businesscenter.com,WordPress
http://pro2i.tn,WordPress
http://proact.tn,WordPress
http://proactifcallcenter.com,WordPress
http://proalimentarius.com,PrestaShop
http://proaudit.tn,WordPress
http://proclean.com.tn,WordPress
http://procod.tn,WordPress
http://prodesign.tn,WordPress
http://prodexo.net,WordPress
http://prodige-technologie.net,WordPress
http://produitchimique.tn,WordPress
http://produitdelannee.tn,WordPress
http://proform.fr,WordPress
http://progress.com.tn,WordPress
http://progress.tn,WordPress
http://progresscode.com,PrestaShop
http://projectao.com,Drupal
http://prolab.com.tn,WordPress
http://prologue-solutions.tn,PrestaShop
http://promarketingmeeting.com,WordPress
http://promarquage.com,WordPress
http://promedical.com.tn,WordPress
http://promeridian.tech,WordPress
http://promoculture.com.tn,PrestaShop
http://promodar.com.tn,PrestaShop
http://promodeal.com.tn,WordPress
http://promohotel.tn,PrestaShop
http://promolab.tn,PrestaShop
http://promosciences.com.tn,WordPress
http://promoverre.com,PrestaShop
http://proof-web.blogspot.com,WordPress
http://propice.co,WordPress
http://proplast.com.tn,WordPress
http://proscom-tn.com,WordPress
http://prosdelacom.com,WordPress
http://prosystems.com.tn,WordPress
http://protected-consulting.com,WordPress
http://protectglobal.tn,WordPress
http://protein-shop-tunisia.tn,WordPress
http://protein.tn,PrestaShop
http://provision-labs.com,WordPress
http://provision.com.tn,WordPress
http://prowayg.net,WordPress
http://proxitec.tn,WordPress
http://proxity.tn,WordPress
http://proxiweb.tn,PrestaShop
http://proxym-group.com,WordPress
http://pss.com.tn,WordPress
http://psycholab.tn,WordPress
http://psychologie-sante.tn,WordPress
http://ptitange.tn,WordPress
http://pu1tec.tn,WordPress
http://publicom.com.tn,WordPress
http://publicom.tn,WordPress
http://pulire-tunisie.com,WordPress
http://pulvagri.com.tn,PrestaShop
http://punctuate-consulting.com,WordPress
http://pureclic.tn,WordPress
http://purejuice.tn,WordPress
http://putrapack.com.my,WordPress
http://pvc-consulting.com,WordPress
http://pwradvisory.com,WordPress
http://pyper.tn,WordPress
http://pyxis.com.tn,WordPress
http://qaqc.tn,WordPress
http://qartaj.com,Drupal
http://qms.com.tn,WordPress
http://qrtech.com.tn,WordPress
http://qualitiss.com,WordPress
http://quan.tn,WordPress
http://quantify.tn,WordPress
http://quattro.tn,WordPress
http://queenbeedigital.tn,WordPress
http://quetratech.com,WordPress
http://quotes.tn,WordPress
http://radaway.pl,WordPress
http://radiologie.tn,WordPress
http://radionaranj.tn,WordPress
http://radiooxygene.tn,WordPress
http://radiosabrafm.net,Drupal
http://radiotunisie.tn,WordPress
http://rai-tn.com,WordPress
http://ralrentcar.tn,WordPress
http://ramcotravel.com,PrestaShop
http://randa.tn,WordPress
http://randotunisie.tn,WordPress
http://raniahammami.tn,WordPress
http://rapace-agency.com,WordPress
http://rassdtunisia.net,WordPress
http://raw-pixels.com,WordPress
http://rayaljadid.com,WordPress
http://rbb-africa.com,WordPress
http://react.org.tn,WordPress
http://realite-tunisienne.tn,WordPress
http://realites.com.tn,WordPress
http://recopneu.com,WordPress
http://recruitment.vermeg.com,WordPress
http://recrutementdecathlon.tn,PrestaShop
http://recruter.tn,WordPress
http://recycloplast.com,WordPress
http://redaction.tn,WordPress
http://redevit.tn,Drupal
http://rednaks.tn,WordPress
http://redsquare.tn,WordPress
http://redstart.tn,WordPress
http://redsys.com.tn,WordPress
http://reedz.co,WordPress
http://referencement-seo.tn,WordPress
http://referencement-tunisie.tn,WordPress
http://refresh.tn,WordPress
http://refzone.tn,WordPress
http://regency-location-voiture.tn,WordPress
http://regimes.tn,WordPress
http://reimex.com.tn,WordPress
http://relead.tn,WordPress
http://renaissance.tn,WordPress
http://renault-trucks.tn,Drupal
http://renco.tn,WordPress
http://repinteractive.fr,Drupal
http://requestgreen.com.tn,PrestaShop
http://resda.tn,WordPress
http://resifloor.tn,WordPress
http://resinexplus.com,WordPress
http://restock.tn,PrestaShop
http://restylane.tn,Drupal
http://resumes.tn,WordPress
http://retina.tn,PrestaShop
http://revampr.com,WordPress
http://revelation.tn,PrestaShop
http://reviews.tn,WordPress
http://revolon.com,PrestaShop
http://reweb.tn,WordPress
http://reynaers.tn,Drupal
http://rfr.tn,WordPress
http://riadvice.tn,WordPress
http://ribatpapier.tn,WordPress
http://rielnet.com,Drupal
http://rima.tn,WordPress
http://rimexport.com.tn,WordPress
http://rinomed.tn,WordPress
http://ris.tn,PrestaShop
http://rise.tn,WordPress
http://risetechnologie.com,WordPress
http://rit.tn,WordPress
http://ritej.com.tn,WordPress
http://riyeda.tn,WordPress
http://rkinformatique.com,PrestaShop
http://rmconsulting.tn,WordPress
http://rmtunisie.tn,WordPress
http://rnta.tn,Drupal
http://roda-digital.com,WordPress
http://rodesignmill.com,WordPress
http://roncey.com.tn,WordPress
http://rosamedicale.com,WordPress
http://rosatravel.tn,PrestaShop
http://rotinlajnef.com,WordPress
http://roukatravel.tn,PrestaShop
http://roundtable.tn,WordPress
http://route.tn,WordPress
http://royalcatering-traiteur.com.tn,WordPress
http://royalemetale.freewebpages.org,WordPress
http://royalgarden.com.tn,WordPress
http://royalgarden.tn,WordPress
http://rpms-tunisie.com,WordPress
http://rrc.tn,WordPress
http://rrcworld.com,WordPress
http://rse-vision.com,WordPress
http://rstunisia.tn,WordPress
http://rtc.tn,WordPress
http://rtca.com.tn,WordPress
http://rubber-hoses.tn,WordPress
http://rubikdesign.tn,WordPress
http://ryeda.com,PrestaShop
http://rzprod.tn,WordPress
http://s2i.com.tn,PrestaShop
http://sac-marquage.com,WordPress
http://sacmi.com.tn,WordPress
http://safem.tn,WordPress
http://safeticsor.cluster023.hosting.ovh.net,WordPress
http://safir-it.tn,PrestaShop
http://safsafvoyages.com,WordPress
http://saftunisie.com,WordPress
http://saharabeach.com.tn,WordPress
http://saheltv.tn,WordPress
http://salmadattes.unblog.fr,WordPress
http://salonautotunis.com.tn,WordPress
http://salondelentreprise.tn,WordPress
http://salondumeuble.com.tn,WordPress
http://salwaplast.net,WordPress
http://sama-innovation.com,WordPress
http://samasys.com,WordPress
http://sameteam.com.tn,WordPress
http://samir-eliouj.com,WordPress
http://samsungshop.tn,PrestaShop
http://samychaffai.com,WordPress
http://sana.com,WordPress
http://sanbrico.com,WordPress
http://sancella.com.tn,WordPress
http://sanesmoslah.com,PrestaShop
http://sanisud.tn,WordPress
http://santeplus.com.tn,PrestaShop
http://saphirconsult.com,WordPress
http://saradeco.tn,PrestaShop
http://saraha.tn,Drupal
http://saric.com,WordPress
http://sarrasaber.com,WordPress
http://sartex.tn,WordPress
http://sasio.com.tn,PrestaShop
http://saslab.com.tn,PrestaShop
http://sat.tn,WordPress
http://satem.com.tn,WordPress
http://sater-solar.com,WordPress
http://satina.tn,WordPress
http://satitunisia.com,WordPress
http://satshop.tn,PrestaShop
http://sauter-controls.com,WordPress
http://saveurdelannee.tn,WordPress
http://savoy-international.com,WordPress
http://sawt-achaab.tn,WordPress
http://sbc-africa.com,WordPress
http://sbcd-tn.com,WordPress
http://sbf.com.tn,WordPress
http://sbtp.tn,WordPress
http://scam.tn,WordPress
http://scanservices.com.tn,PrestaShop
http://scantech-group.com,WordPress
http://scd.com.tn,WordPress
http://scoop.com.tn,PrestaShop
http://scoopgaming.com.tn,PrestaShop
http://scooporganisation.com,WordPress
http://scriptinformatique.com,WordPress
http://scrum.tn,WordPress
http://sda.tn,WordPress
http://sdc-doc.com,WordPress
http://sdd.tn,WordPress
http://sdesign.com.tn,PrestaShop
http://sdi-online.com,WordPress
http://se.tn,WordPress
http://sea-electronics.com,WordPress
http://sebit.tn,WordPress
http://secadenord.com.tn,WordPress
http://secafe.com.tn,WordPress
http://secomettunisie.com,WordPress
http://secu-mag.com.tn,WordPress
http://securas-tech.tn,WordPress
http://secure-it.tn,PrestaShop
http://securitec.tn,WordPress
http://securitysourcing.net,WordPress
http://sef-tunisie.com,WordPress
http://segitec.net,WordPress
http://seha.com.tn,PrestaShop
http://sekkinox.com.tn,WordPress
http://select-tunisie.com,PrestaShop
http://selection-voyages.tn,PrestaShop
http://selektapro.com,WordPress
http://selfbooking.tn,PrestaShop
http://seli.tn,WordPress
http://sem-tunisia.com,PrestaShop
http://semainesgrossesse.com,WordPress
http://sen-decors.com,WordPress
http://senetic.tn,PrestaShop
http://seniatna.tn,WordPress
http://senpai.codes,WordPress
http://sensea.com.tn,WordPress
http://sensory.com.tn,WordPress
http://sentinel.com.tn,WordPress
http://sentineld.com,WordPress
http://seom.tn,WordPress
http://sepra-tn.com,WordPress
http://serinel.com,WordPress
http://serphadom.com,PrestaShop
http://sert.tn,WordPress
http://serviced.com.tn,WordPress
http://servisat.tn,PrestaShop
http://sesoignerentunisie.com,WordPress
http://sestunisie.com,WordPress
http://setim.tn,WordPress
http://sevencommunityen.com,PrestaShop
http://sfaxautos.com.tn,WordPress
http://sfaxinternational.org,WordPress
http://sfaxsoft.com,PrestaShop
http://sfmtechnologies.com,WordPress
http://sfpe.com.tn,WordPress
http://sgfpe.atfp.tn,WordPress
http://sgi-inspection.com,WordPress
http://sgs.com,PrestaShop
http://sgs.tn,PrestaShop
http://sgsm.tn,WordPress
http://shanti.tn,WordPress
http://sharingbox.tn,WordPress
http://shazler.com,WordPress
http://shirty.tn,WordPress
http://shop.bt.tn,PrestaShop
http://shopa.tn,PrestaShop
http://shopline.tn,WordPress
http://shoppi.tn,PrestaShop
http://shopping.tn,WordPress
http://shopy-science.io,WordPress
http://showtimecom.com,WordPress
http://siaf.com.tn,WordPress
http://siala.com.tn,WordPress
http://siam.tn,WordPress
http://siceram.com,WordPress
http://sicilferro.tn,WordPress
http://sicli.com,WordPress
http://sicoac.com.tn,WordPress
http://sictn.com,WordPress
http://sidenor.com.tn,PrestaShop
http://sidep.tn,WordPress
http://sidus-consulting.com,WordPress
http://siel.tn,PrestaShop
http://siele.com.tn,WordPress
http://sier.com.tn,PrestaShop
http://sifast.com,Drupal
http://sifco.com.tn,WordPress
http://sifcol.com,WordPress
http://sifem.tn,WordPress
http://sifo-consulting.com,WordPress
http://siga.com.tn,WordPress
http://siga.tn,WordPress
http://sigmakhadamet.com,WordPress
http://sigmaprolab.tn,WordPress
http://signe.com.tn,WordPress
http://signo.com.tn,WordPress
http://sih.tn,WordPress
http://silec.tn,WordPress
http://silvertech.com.tn,WordPress
http://simac.tn,WordPress
http://simap.com.tn,WordPress
http://simeandco.com,WordPress
http://simef.com.tn,WordPress
http://simem.com.tn,WordPress
http://simfer.com.tn,WordPress
http://simpar.tn,WordPress
http://simplebot.tn,WordPress
http://simsoft.com.tn,WordPress
http://sines.tn,WordPress
http://sintex.com,WordPress
http://sippo.tn,PrestaShop
http://sips-platre.com,WordPress
http://sirail.tn,WordPress
http://sirep-prefa.com.tn,WordPress
http://sises-tunisia.com,WordPress
http://sit-decolletage.com,WordPress
http://sittelecom.tn,WordPress
http://siyoutech.tn,WordPress
http://sjr.tn,WordPress
http://skg.tn,WordPress
http://skila.tn,PrestaShop
http://skillstosucceed.tn,Drupal
http://skycam.tn,WordPress
http://skydev.tn,Drupal
http://skyflags.tn,WordPress
http://skymil-informatique.com,PrestaShop
http://skytek-group.com,WordPress
http://slaserx.dev,WordPress
http://slidzo.com,WordPress
http://slpi.com.tn,PrestaShop
http://sm-devis.tn,WordPress
http://smart-2s.com,PrestaShop
http://smart-bs.com.tn,WordPress
http://smart-businesscenter.com,PrestaShop
http://smart-data-com.com,WordPress
http://smart-innovation.tn,WordPress
http://smart-it-partner.com,WordPress
http://smart-sac.com,WordPress
http://smartagl.tn,WordPress
http://smartbridge.tn,WordPress
http://smartbusiness-tn.com,WordPress
http://smartcontrol.tn,PrestaShop
http://smartec.tn,WordPress
http://smartechnology.com.tn,WordPress
http://smarteco-universe.com,WordPress
http://smarteda.tn,WordPress
http://smartegy.ca,WordPress
http://smartegy.tn,WordPress
http://smartelectric.tn,PrestaShop
http://smartfarm.com.tn,WordPress
http://smartfuture.tn,WordPress
http://smartgym.tn,WordPress
http://smartit.tn,WordPress
http://smartlucce-light.com.tn,WordPress
http://smartmobility-solutions.com,WordPress
http://smartplan.tn,WordPress
http://smartset.tn,WordPress
http://smartskills.tn,WordPress
http://smartup.tn,WordPress
http://smartwash.tn,WordPress
http://smbgpepiniere.tn,WordPress
http://smconsulting.tn,WordPress
http://smdgroup.com,WordPress
http://smdp.com.tn,WordPress
http://sme-emballage.com.tn,WordPress
http://smedi.com.tn,WordPress
http://smh-hydraulique.tn,WordPress
http://smip.com.tn,PrestaShop
http://sms-scientific.com,WordPress
http://smsa.tn,Drupal
http://smsbio.tn,WordPress
http://smsing.tn,WordPress
http://smso-export.com,WordPress
http://smsplus.tn,PrestaShop
http://smtm.tn,WordPress
http://smu.tn,PrestaShop
http://sna.com.tn,WordPress
http://snack.tn,WordPress
http://snackbox.tn,PrestaShop
http://snaptube.tn,WordPress
http://snbg.com.tn,WordPress
http://snc.com.tn,WordPress
http://sncft.com.tn,WordPress
http://sncm-tn.com,WordPress
http://snesometel.com.tn,PrestaShop
http://snesometel.tn,PrestaShop
http://snitnord.tn,WordPress
http://snpm.com.tn,WordPress
http://sntt.tn,WordPress
http://soarbypositiveimpact.com,WordPress
http://sobeca-tunisie.com,WordPress
http://sobig.com.tn,WordPress
http://sobitas.tn,PrestaShop
http://soceq.com.tn,WordPress
http://socialkeepers.com,WordPress
http://sociallink.com,WordPress
http://sociallinkmarketing.com,WordPress
http://socialwings.tn,WordPress
http://socobat.com.tn,PrestaShop
http://socodal.com.tn,WordPress
http://socodis.com.tn,WordPress
http://socomel.com,WordPress
http://socomenin.com.tn,WordPress
http://socometal.org,WordPress
http://socoopec-group.com,WordPress
http://sodag-agricole.com,WordPress
http://sodar.tn,WordPress
http://sodep.tn,WordPress
http://sodet.com.tn,WordPress
http://sodexoavantages.tn,Drupal
http://sodexostore.tn,PrestaShop
http://sodis-sicar.tn,WordPress
http://sodiv.com.tn,WordPress
http://sofame.tn,WordPress
http://sofap-poudre.com,WordPress
http://sofatrab.tn,WordPress
http://sofia-technologies.com,WordPress
http://sofnord.com.tn,WordPress
http://sofpince.com.tn,WordPress
http://sofrip.com,WordPress
http://soft-grp.com,WordPress
http://softifi.com,WordPress
http://softplus-web.com,WordPress
http://softplus.tn,WordPress
http://softsys.com.tn,WordPress
http://sogecom.com,WordPress
http://sogem.tn,WordPress
http://sogepbatiment.com.tn,WordPress
http://soges.com.tn,WordPress
http://sogeva.com.tn,WordPress
http://sohatram.com.tn,PrestaShop
http://soib.com.tn,WordPress
http://soins24.tn,WordPress
http://sokamar-shipping.com.tn,WordPress
http://sokasport.com.tn,WordPress
http://solaire.tn,Drupal
http://soldev.tn,WordPress
http://solider.tn,WordPress
http://solis.tn,WordPress
http://soloadshightraffic.co,Drupal
http://solvers.fr,WordPress
http://solys-ingenierie.com,WordPress
http://somabe.com.tn,WordPress
http://somacs.tn,Drupal
http://somais.tn,WordPress
http://somatithabti.com.tn,WordPress
http://somef.tn,PrestaShop
http://somem.tn,WordPress
http://somocergroup.com,WordPress
http://sonomusic.tn,PrestaShop
http://sopat.tn,WordPress
http://sopic.com.tn,Drupal
http://soplast.com.tn,WordPress
http://soprahr.com,PrestaShop
http://soquibat.tn,WordPress
http://soremat.com.tn,WordPress
http://sorenco.com.tn,PrestaShop
http://sorest.tn,PrestaShop
http://soretol.com,WordPress
http://soretras.com.tn,PrestaShop
http://sos-group.tn,WordPress
http://sosem.com.tn,WordPress
http://sosve.tn,WordPress
http://sotach.com,WordPress
http://sotcot.tn,WordPress
http://soteca-electric.com,WordPress
http://soteep-tn.com,WordPress
http://sotetel.tn,WordPress
http://soticom.com,WordPress
http://sotither.com,WordPress
http://sotradies.tn,WordPress
http://sotramet.com,WordPress
http://sotrim.tn,WordPress
http://sottmar.com,WordPress
http://sotucoupe.com,PrestaShop
http://sotudev.com,Drupal
http://sotufab-plast.tn,WordPress
http://sotufab.tn,WordPress
http://sotufild-dauphin.com,WordPress
http://sotufoma-new.com,WordPress
http://sotulub.com.tn,Drupal
http://sotumar-marbre.com,WordPress
http://sotuplex.com,WordPress
http://sotusucre.com.tn,WordPress
http://sotutec-technologies.com,WordPress
http://sotutech.com,WordPress
http://sotuver.com.tn,WordPress
http://souani.com.tn,PrestaShop
http://souani.tn,PrestaShop
http://souguir.tn,WordPress
http://soukauto.tn,WordPress
http://soukelkahina.tn,PrestaShop
http://soulandplanet.tn,WordPress
http://sovep-glass.com,WordPress
http://sozetrap.com,WordPress
http://sozo.tn,WordPress
http://spacenet.tn,PrestaShop
http://spaceofwisdom.tn,WordPress
http://spana.org.tn,PrestaShop
http://spart.com.tn,WordPress
http://spcm.com.tn,WordPress
http://speciacom.com,WordPress
http://spectrumgroupe.fr,WordPress
http://speed-tunisia.com,WordPress
http://spg.com.tn,WordPress
http://spheregrise.com,WordPress
http://spheretechdigiservices.tn,WordPress
http://spi-tunisie.com,WordPress
http://spic-chennaoui.tn,WordPress
http://spig-tunisie.tn,WordPress
http://spiga.tn,Drupal
http://spigraph.tn,WordPress
http://spim-meubles.tn,WordPress
http://splendide-gold.tn,PrestaShop
http://spline.com.tn,WordPress
http://sport.tn,PrestaShop
http://sportbusiness.tn,WordPress
http://spot-informatique.tn,WordPress
http://spotlight.tn,WordPress
http://spr.tn,WordPress
http://sprindt.com,PrestaShop
http://sprite.tn,Drupal
http://spss.com.tn,WordPress
http://squeezer-software.com,WordPress
http://srp.com.tn,WordPress
http://srtbizerte.com.tn,WordPress
http://srtech.tn,WordPress
http://ssconsulting.tn,WordPress
http://ssei.com.tn,PrestaShop
http://ssmoptical.com,WordPress
http://st2i.com.tn,WordPress
http://stag.com.tn,WordPress
http://stage-tunisie.tn,PrestaShop
http://stage.tn,PrestaShop
http://stampdesign.tn,WordPress
http://stap.tn,WordPress
http://star-consult.com,PrestaShop
http://stare.tn,WordPress
http://stark-solutions.online,WordPress
http://stark.tn,WordPress
http://starstore.tn,WordPress
http://start-app.tn,WordPress
http://startanrise.com,WordPress
http://startupact.tn,Drupal
http://startuptunisia.tn,WordPress
http://stas.com.tn,WordPress
http://statplus.tn,WordPress
http://statplustraining.tn,WordPress
http://stautos.tn,WordPress
http://stbsicar.com.tn,WordPress
http://stc-chaffoteaux.com,PrestaShop
http://stc-training.tn,WordPress
http://ste-bmms.com,WordPress
http://ste.com.tn,WordPress
http://stecia.com,WordPress
http://steconnect.tn,PrestaShop
http://stegroup.com,WordPress
http://step.com.tn,WordPress
http://steps.tn,WordPress
http://steram-btp.com,WordPress
http://sterochdihammami.wordpress.com,WordPress
http://stet.com.tn,WordPress
http://stg.com.tn,WordPress
http://stickerni.tn,WordPress
http://stiel.tn,WordPress
http://stifen.com,WordPress
http://stimm-labalance.com,WordPress
http://stivel.net,WordPress
http://stke-emar.com,WordPress
http://stmax.tn,WordPress
http://stmi.org.tn,WordPress
http://stms-tn.com,WordPress
http://stms.org.tn,WordPress
http://stom.tn,WordPress
http://stopandgo.com.tn,WordPress
http://stormimmo.tn,PrestaShop
http://story.tn,WordPress
http://stpci.com.tn,WordPress
http://str-tn.com,WordPress
http://strategia-cg.com,PrestaShop
http://strc.tn,WordPress
http://stt-tunisie.com,WordPress
http://stucom.tn,PrestaShop
http://studitel.tn,WordPress
http://sucre-abed.com,PrestaShop
http://suddart.com,PrestaShop
http://sufesnews.tn,WordPress
http://sunantipasti.com,PrestaShop
http://sunfruit.com.tn,WordPress
http://sunlight-pv.com,WordPress
http://sunmedia.tn,PrestaShop
http://supagro.tn,WordPress
http://superexport.tn,WordPress
http://superlight.tn,WordPress
http://supernet.com.tn,WordPress
http://superverse.tech,PrestaShop
http://supervision.tn,WordPress
http://suptech.tn,WordPress
http://susyma.com,WordPress
http://suzuki.tn,WordPress
http://svp-tunisia.com,WordPress
http://swallow-labs.com,WordPress
http://swatek.tn,WordPress
http://sweetbaby.tn,WordPress
http://sweetflower.tn,WordPress
http://swifto.io,WordPress
http://swiver.io,WordPress
http://swop-trade.tn,PrestaShop
http://swynglogistics.com,WordPress
http://symatique.com,WordPress
http://symphony.tn,WordPress
http://symposiumdesarts.tn,WordPress
http://synergie-ac.com,WordPress
http://sysconsult.tn,WordPress
http://systematic-erp.com,WordPress
http://systemsplus.com.tn,WordPress
http://t-s-s.com.tn,PrestaShop
http://t-ss.tn,WordPress
http://taa.tn,WordPress
http://tab5attounsia.tn,WordPress
http://tabc.org.tn,WordPress
http://tabinwildlife.com.my,WordPress
http://tadwinet.net,WordPress
http://tagmanya.com,WordPress
http://tagtrace.tn,WordPress
http://tahavoyages.com,PrestaShop
http://takacim.com.tn,PrestaShop
http://takolor.net,WordPress
http://taktek.com.tn,PrestaShop
http://talel.tn,WordPress
http://tallesttree.com,WordPress
http://talos.tn,PrestaShop
http://tamaris-voyages.com,WordPress
http://tamas.tn,WordPress
http://tamsstn.org,WordPress
http://tamweeli.tn,WordPress
http://tandem-logistics.com,WordPress
http://tanit-digital.com,WordPress
http://tanitoss.com,WordPress
http://tanitweb.com,WordPress
http://tapisrouge.tn,WordPress
http://tarajimobile.com.tn,WordPress
http://targa-consult.com,WordPress
http://targanine.com,WordPress
http://target.tn,WordPress
http://tarpoflex.tn,WordPress
http://tas-africa.com,WordPress
http://tasnimevoyages.com,PrestaShop
http://tast.tn,PrestaShop
http://tatamotors.tn,WordPress
http://tawa.digital,WordPress
http://tawasoltec.com,WordPress
http://tawjih.tn,WordPress
http://taybah.tn,WordPress
http://taysirassistance.tn,WordPress
http://tbcc.org.tn,WordPress
http://tbi.tn,PrestaShop
http://tbssecurity.com,WordPress
http://tcatunisie.com,WordPress
http://tconcept.fr,WordPress
http://tconglobal.com,WordPress
http://tcs.tn,WordPress
http://tcsgroup.tn,WordPress
http://tct-tunisie.com,WordPress
http://tdimmobilier.com,WordPress
http://tdiscount.tn,WordPress
http://tds-didactic.com,WordPress
http://tdsconference.tn,WordPress
http://teamdev.tn,WordPress
http://teamgard.com,WordPress
http://tech-competences.com.tn,WordPress
http://tech-expert.io,WordPress
http://tech216.de,WordPress
http://techazum.com,WordPress
http://techcare-com.tn,WordPress
http://techcare-training.tn,WordPress
http://techcare.tn,WordPress
http://technews.tn,WordPress
http://techno.rn.tn,PrestaShop
http://technocity.tn,WordPress
http://technofilm.tn,PrestaShop
http://technopointe.com.tn,WordPress
http://technopolesud.tn,PrestaShop
http://technopro-online.com,PrestaShop
http://technosolutions.tn,WordPress
http://techone.kutethemes.net,WordPress
http://techtransfer-ctc.tn,WordPress
http://techtrendsbytt.tn,WordPress
http://teci.com.tn,WordPress
http://tecnogas.net,WordPress
http://tecyom.com,WordPress
http://teg.tn,PrestaShop
http://tei.com.tn,WordPress
http://tei.tn,WordPress
http://tek-up.tn,WordPress
http://teknistunisie.com,WordPress
http://teksaz.com.tn,WordPress
http://telcotec.tn,WordPress
http://telecharger.tn,WordPress
http://telematik.tn,WordPress
http://telesys.com.tn,WordPress
http://teleyat.com,WordPress
http://telmidh.tn,WordPress
http://tem-truss.com,WordPress
http://tempus.tn,WordPress
http://tendancemag.com,WordPress
http://tenstep.tn,WordPress
http://terroliva.com,WordPress
http://tesson-design.fr,WordPress
http://texko.com.tn,WordPress
http://tfbank.fr,WordPress
http://th3-proweb.com,WordPress
http://thakafatouna.tn,WordPress
http://thapsusvoyages.com,PrestaShop
http://thcom.com.tn,WordPress
http://thd.tn,WordPress
http://the-it-expert.com,WordPress
http://the-webside.com,WordPress
http://thecliff.tn,WordPress
http://theclubhouse.tn,Drupal
http://thefenix.io,WordPress
http://thefullroom.com,WordPress
http://thehive.tn,WordPress
http://thehubcoworking.tn,WordPress
http://theinfiniteloop.net,WordPress
http://theleansixsigmacompany.tn,WordPress
http://thenextwomentunisie.com,WordPress
http://therapia.tn,WordPress
http://thermeco.tn,WordPress
http://theroad.tn,WordPress
http://theshoutersagency.com,WordPress
http://thesmartarget.com,WordPress
http://theteam.com.tn,WordPress
http://thinktank.de,WordPress
http://thirdeye.tn,WordPress
http://thk.com.tn,WordPress
http://tia.gov.tn,PrestaShop
http://ticgeek.com,WordPress
http://tickets.tn,PrestaShop
http://tictaac.com,PrestaShop
http://tictaac.tn,PrestaShop
http://tik-services.com,Drupal
http://timpharm.tn,WordPress
http://tinep.tn,WordPress
http://tinest.tn,WordPress
http://tis-nt.com,WordPress
http://tisc.tn,WordPress
http://tiss.com.tn,PrestaShop
http://titou.tn,PrestaShop
http://tmi-tunisia.com,WordPress
http://tmi.com.tn,WordPress
http://tmr.tn,WordPress
http://tms.rnu.tn,WordPress
http://tmsmedical.net,WordPress
http://tn.opensooq.com,WordPress
http://tn.talan.com,Drupal
http://togs.com.tn,PrestaShop
http://tokenopp.io,WordPress
http://tom.center,PrestaShop
http://toner.tn,PrestaShop
http://toopty.net,PrestaShop
http://topara.tn,PrestaShop
http://topgeo.net,WordPress
http://topoliva.com,PrestaShop
http://topoplustn.com,WordPress
http://topsecurite.com.tn,WordPress
http://touch-tunisia.com,WordPress
http://touchlink.fr,WordPress
http://tounsi.xyz,WordPress
http://toupackgroup.com,PrestaShop
http://touringtravel.tn,PrestaShop
http://tourismeislamique.tn,WordPress
http://touslesdeals.tn,WordPress
http://toutalu.com.tn,WordPress
http://toutesrecettes.com,WordPress
http://toyota.com.tn,WordPress
http://tpm.com.tn,WordPress
http://tpm.tn,WordPress
http://tpr.com.tn,PrestaShop
http://traci.tn,PrestaShop
http://trainingpartners.tn,WordPress
http://trainux.com,WordPress
http://transglory.tn,WordPress
http://transport-et-demenagement.tn,WordPress
http://transporteur-tunisie.tn,WordPress
http://travaris.app,WordPress
http://travelsquare.tn,WordPress
http://traveltodo.com,WordPress
http://traveltodo.tn,WordPress
http://treetronix.com,WordPress
http://trend.tn,WordPress
http://trends.com.tn,WordPress
http://trends.tn,WordPress
http://trendy.tn,WordPress
http://trf.org.tn,WordPress
http://triakis.tn,WordPress
http://trianon.tn,WordPress
http://tricom.com.tn,WordPress
http://trimakus.com,PrestaShop
http://trimex-composite.com,WordPress
http://trip-contact.com,WordPress
http://truedeal.tn,PrestaShop
http://trust.com.tn,WordPress
http://trustit.tn,PrestaShop
http://trustshipping.com.tn,WordPress
http://trusttravel.tn,PrestaShop
http://tryandbuy.tn,PrestaShop
http://tsaagence.com,WordPress
http://tsamed.com.tn,WordPress
http://tse.tn,Drupal
http://tsfs.tn,Drupal
http://tsi.tn,WordPress
http://tsqb.net,WordPress
http://tss-group.tn,WordPress
http://tswera.tn,PrestaShop
http://tti-tn.com,WordPress
http://tts.com.tn,WordPress
http://ttsbooking.tn,WordPress
http://ttshotels.com.tn,WordPress
http://tulipdistribution.com.tn,WordPress
http://tunav.com,WordPress
http://tunesienexplorer.de,WordPress
http://tuniar.tn,WordPress
http://tuniber.com,WordPress
http://tunibridge.com,WordPress
http://tunibuilding.com,WordPress
http://tunicad.com,WordPress
http://tunicareer.tn,WordPress
http://tunicast.com.tn,WordPress
http://tunicode.com.tn,WordPress
http://tunidutch.com,WordPress
http://tunigate.tn,WordPress
http://tunilab.com,WordPress
http://tunimarine.com,WordPress
http://tunipages.tn,WordPress
http://tuniprint.com,WordPress
http://tunipro.com,WordPress
http://tunisairexpress.com.tn,WordPress
http://tunisavia.com.tn,WordPress
http://tunisbusinesscenter.com,WordPress
http://tuniscallcenter.com,WordPress
http://tunisco.tn,WordPress
http://tuniscope.com,WordPress
http://tuniscopy.com.tn,WordPress
http://tunisdentalclinic.com,WordPress
http://tuniseo.tn,WordPress
http://tuniship.net,WordPress
http://tunisia-automotive.com.tn,WordPress
http://tunisia-firmwares.com,WordPress
http://tunisia-jobs.com,WordPress
http://tunisia-rent-car.tn,WordPress
http://tunisia-rentcar.com,WordPress
http://tunisia.regus.com,PrestaShop
http://tunisiabusiness.tn,WordPress
http://tunisiacc.com,WordPress
http://tunisiaconventionbureau.com,WordPress
http://tunisiainvestmentforum.tn,WordPress
http://tunisiana.tn,WordPress
http://tunisiancars.tn,WordPress
http://tunisiancloud.com,WordPress
http://tunisianet.com.tn,PrestaShop
http://tunisianhr.com,WordPress
http://tunisiasourcing.tn,WordPress
http://tunisiatech.tn,PrestaShop
http://tunisiatv.tn,Drupal
http://tunisie-chirurgie-esthetique.com,WordPress
http://tunisie-congres.com,WordPress
http://tunisie-e-shop.tn,WordPress
http://tunisie-emploi.tn,WordPress
http://tunisie-innovation.tn,PrestaShop
http://tunisie-matelas.tn,PrestaShop
http://tunisie-radio.com,Drupal
http://tunisie-telegraph.com,WordPress
http://tunisie.co,WordPress
http://tunisie.com.tn,WordPress
http://tunisieassainissement.com,WordPress
http://tunisieauto.tn,WordPress
http://tunisiebio.tn,WordPress
http://tunisieconcours.tn,WordPress
http://tunisiecorniere.tn,WordPress
http://tunisiedemenagement.tn,WordPress
http://tunisiefm.net,Drupal
http://tunisieinitiative.tn,WordPress
http://tunisien.tn,WordPress
http://tunisienumerique.com,WordPress
http://tunisieouate.com,WordPress
http://tunisiepanneaux.com,PrestaShop
http://tunisiepara.com,WordPress
http://tunisiepromo.com,PrestaShop
http://tunisiepromo.tn,PrestaShop
http://tunisiereves.com,WordPress
http://tunisieshop.tn,WordPress
http://tunisiesms.tn,WordPress
http://tunisietraduction.tn,WordPress
http://tunisietv.com,WordPress
http://tunisievacance.tn,PrestaShop
http://tunisievaleurs.com,WordPress
http://tunisiewin.tn,WordPress
http://tunisnow.tn,WordPress
http://tunisofts.com,WordPress
http://tunisolutions.com,WordPress
http://tunisre.com.tn,WordPress
http://tunisys.com.tn,WordPress
http://tunitaly.com.tn,WordPress
http://tunitaly.tn,WordPress
http://tunitrack.com.tn,WordPress
http://tuniways.com,WordPress
http://tuniways.tn,WordPress
http://tunlab.com,WordPress
http://tunov.com,WordPress
http://tuntek.tn,PrestaShop
http://tuntrust.tn,Drupal
http://tus.com.tn,WordPress
http://tus.tn,WordPress
http://tustex.com,Drupal
http://tuttosport.com.tn,PrestaShop
http://tvh.com.tn,WordPress
http://twinnoverse.com,WordPress
http://ua.tn,WordPress
http://uas.ens.tn,WordPress
http://ucar.rnu.tn,WordPress
http://uem.tn,WordPress
http://ugfsnorthafrica.com.tn,WordPress
http://uit.tn,Drupal
http://uj.rnu.tn,Drupal
http://ulc.com.tn,WordPress
http://ult-tunisie.com,WordPress
http://ultimateservices.tn,WordPress
http://ultimium.com,WordPress
http://unft.org.tn,WordPress
http://unicom-tn.com,WordPress
http://uniconfort.tn,WordPress
http://uniformeplus.tn,WordPress
http://unilog.tn,WordPress
http://unimarket.tn,WordPress
http://unimed.com.tn,WordPress
http://unimetal.tn,PrestaShop
http://unioncar.tn,PrestaShop
http://unitecgroup.tn,WordPress
http://unitecplus.tn,WordPress
http://unitedconsultings.com,WordPress
http://univag.tn,WordPress
http://univers-ceram.com,WordPress
http://universal.com.tn,WordPress
http://universimmobilier.tn,WordPress
http://universiteeuropeenne.tn,WordPress
http://universmedical.com.tn,PrestaShop
http://universmedical.tn,PrestaShop
http://universnews.tn,WordPress
http://unn-metal.com,WordPress
http://upc.tn,WordPress
http://upergy.com,WordPress
http://upgradetek-engineering.com,PrestaShop
http://upmi.tn,PrestaShop
http://ups.ens.tn,WordPress
http://uram.com.tn,WordPress
http://urbasports.com,WordPress
http://use-it.tn,PrestaShop
http://uss.rnu.tn,PrestaShop
http://utc.ens.tn,WordPress
http://utctunisie.com,WordPress
http://uthina.com.tn,WordPress
http://uti-edu.tn,WordPress
http://utopia.tn,PrestaShop
http://utss.org.tn,Drupal
http://utunis.rnu.tn,WordPress
http://uvtech.tn,Drupal
http://uz.rnu.tn,Drupal
http://v2home.com,WordPress
http://valandre.com,PrestaShop
http://value.com.tn,WordPress
http://value.tn,WordPress
http://valueprogress.net,WordPress
http://varat-tunisie.com,PrestaShop
http://vayetek.com,WordPress
http://vectorys.com,WordPress
http://vegagroup.com.tn,WordPress
http://veganet.com.tn,WordPress
http://vegatech.com.tn,WordPress
http://vegetabio.tn,WordPress
http://velomoto.tn,WordPress
http://velosi.com.tn,WordPress
http://ven.tn,WordPress
http://vendeurpro.pro,WordPress
http://venus7.tn,WordPress
http://verdaconsulting.com.tn,WordPress
http://verdeline.com.tn,WordPress
http://veronatunisie.tn,PrestaShop
http://verticy.cluster023.hosting.ovh.net,WordPress
http://vetochirurgical.com,WordPress
http://vfc.tn,WordPress
http://vidange.tn,PrestaShop
http://viefemmedor.com,WordPress
http://viepratique.tn,WordPress
http://villadidoncarthage.com,WordPress
http://vintage.tn,WordPress
http://violette.tn,WordPress
http://vip-groupe.com,WordPress
http://visagestunisie.com,WordPress
http://vision-tunisie.tn,WordPress
http://visions.tn,WordPress
http://visionvoyages.com.tn,PrestaShop
http://visosphere.io,WordPress
http://vitaformation.tn,WordPress
http://vital.com.tn,WordPress
http://vitalag.com.tn,PrestaShop
http://vitalemedicale.com.tn,PrestaShop
http://viventis.tn,WordPress
http://vivre.tn,WordPress
http://vizmerald.com,WordPress
http://vms.agrinet.tn,PrestaShop
http://vndit.io,WordPress
http://vneuron.tn,WordPress
http://vog.tn,Drupal
http://vogue.tn,WordPress
http://voguelconsulting.com,WordPress
http://voicecom.fr,WordPress
http://voiturier.tn,WordPress
http://volcanoagribusiness.com,WordPress
http://volkswagen-nabeul.com.tn,PrestaShop
http://voltapv.com,WordPress
http://volvobuses.tn,Drupal
http://volvotrucks.tn,Drupal
http://vongo.tn,PrestaShop
http://voxel3ds.com,WordPress
http://voyage-tunisie.info,WordPress
http://voyagesprives.tn,PrestaShop
http://vps258864.ovh.net,Drupal
http://w3code.tn,PrestaShop
http://wa-advisory.io,WordPress
http://wadhahdaouehi.tn,WordPress
http://wafalab.com,WordPress
http://wallonia.tn,Drupal
http://walter-mcb.com,WordPress
http://waoo.com.tn,WordPress
http://warda.tn,Drupal
http://washandgo.tn,WordPress
http://watania1.tn,Drupal
http://watania2.tn,Drupal
http://waterair.com,WordPress
http://waterhouse.com.tn,WordPress
http://wattnow.io,WordPress
http://wave-advertising.com,PrestaShop
http://wavecomsarl.com,WordPress
http://wawasanservices.com,WordPress
http://wbstraining.tn,PrestaShop
http://web2code.com,WordPress
http://webatg.com,WordPress
http://webconcept.tn,WordPress
http://webessor-digital.com,WordPress
http://webfirstrank.com,WordPress
http://webmanagercenter.com,WordPress
http://webmanagercenter.com.tn,WordPress
http://webmarketing-managers.net,WordPress
http://webmaster-media.tn,WordPress
http://webmedia-tunisie.com,WordPress
http://webplus.tn,WordPress
http://webpower-tunisie.com,WordPress
http://webpower.tn,WordPress
http://webspirit.tn,PrestaShop
http://wecom.tn,WordPress
http://wecomco.com,WordPress
http://wedata-consult.com,WordPress
http://weentime.com,WordPress
http://weldmaster.com.my,PrestaShop
http://welink-corp.com,WordPress
http://wellcom.com.tn,WordPress
http://wellcomm.tn,WordPress
http://welljet.tn,WordPress
http://welyne.com,WordPress
http://wemove.tn,WordPress
http://weperformance.net,WordPress
http://weryte.com,WordPress
http://westpoint.tn,WordPress
http://whc.tn,WordPress
http://whitecaptech.com,WordPress
http://whitepages.tn,WordPress
http://whonox.com,WordPress
http://whr.tn,WordPress
http://wigo.tn,WordPress
http://wikistartup.tn,WordPress
http://wildkard.tn,WordPress
http://wildly.tn,WordPress
http://wintechnologies.tn,WordPress
http://wintek.com.tn,WordPress
http://wise-tunisia.tn,WordPress
http://wissemgroupe.com,WordPress
http://withnet.tn,WordPress
http://wma.com.tn,WordPress
http://wncs.space,WordPress
http://wood-plast.com,WordPress
http://woods.tn,WordPress
http://workclassy.com,WordPress
http://workman-stid.com,WordPress
http://workman.tn,WordPress
http://workwiz.io,WordPress
http://workzone.tn,WordPress
http://wsenergy.tn,WordPress
http://xiri.tn,PrestaShop
http://xpressauto.com.tn,PrestaShop
http://xtensus.com,WordPress
http://xul-print.com.tn,WordPress
http://yamamagroup.com,WordPress
http://yanguimetal.tn,WordPress
http://yassersayeh.com,WordPress
http://yassineplast.tn,WordPress
http://yclrjnr.cluster020.hosting.ovh.net,WordPress
http://yello.tn,PrestaShop
http://yes2dev.com,WordPress
http://yestomed.tn,WordPress
http://yeswenov.com,WordPress
http://ykh.com.tn,WordPress
http://yougotravel.tn,PrestaShop
http://youthmagazine.tn,WordPress
http://youweb.tn,WordPress
http://yrsly.com,WordPress
http://yves-rocher.tn,PrestaShop
http://yvesrocher.tn,PrestaShop
http://zaarastore.tn,WordPress
http://zahou-tech.com,WordPress
http://zai.tn,WordPress
http://zaouali.labo.tn,PrestaShop
http://zara.tn,Drupal
http://zednicenter.tn,WordPress
http://zeitounatours.com,WordPress
http://zenhome.tn,PrestaShop
http://zenith.tn,WordPress
http://zeteam.tn,WordPress
http://zeyna.tn,WordPress
http://zguedfreres.com.tn,WordPress
http://zied.digital,WordPress
http://zied.ellouze.tn,Drupal
http://zimota-motor.tn,PrestaShop
http://zimota-sport.tn,PrestaShop
http://zitounaconcept.com.tn,WordPress
http://zkteco.com.tn,WordPress
http://zmc.com.tn,WordPress
http://znetit.com,WordPress
http://zoom.com.tn,PrestaShop
http://zoomcontact.net,WordPress
https://securas.fr/fr/,WordPress
https://thewaltdisneycompany.com,WordPress
https://www.whitehouse.gov,WordPress
https://techcrunch.com,WordPress
https://www.time.com,WordPress
https://www.beyonce.com/,WordPress
https://www.sonymusic.com, 

https://www.papiertigre.fr,PrestaShop
https://demo.prestashop.com,PrestaShop
https://prestashop.securas.cloud/,PrestaShop
https://presta.securas.cloud/,PrestaShop
https://prestashop.com/examples/?utm_source=chatgpt.com,PrestaShop

https://www.ox.ac.uk,Drupal
https://www.ubuntu.com,Drupal
https://www.louvre.fr,Drupal
https://www.nih.gov,Drupal
https://www.drupal.org,Drupal
https://www.nasa.gov, 
https://www.vogue.com,WordPress
https://www.bbc.com,WordPress
https://www.nike.com,PrestaShop
https://www.samsung.com,Drupal
https://www.merriam-webster.com,WordPress
https://www.shopify.com,PrestaShop
https://www.nytimes.com,WordPress
https://www.reddit.com,WordPress
https://www.forbes.com,WordPress
https://www.automattic.com,WordPress
https://www.whsmith.co.uk,PrestaShop
https://www.coca-cola.com,Drupal
https://www.adidas.com,PrestaShop
https://www.tesla.com,WordPress
https://www.ebay.com,PrestaShop
https://www.amazon.com,WordPress
https://www.cnn.com,WordPress
https://www.theguardian.com,WordPress
technologystore.tn,PrestaShop
technomax.tn,Drupal
technonegoce.com,PrestaShop
technonour.com,Drupal
